Rank,Name,Revenue,revenue(% change),profits in millions,profits % change,assets,market value,change in rank in 1000,employees,change in rank(500 only),measure_up_rank
1,Walmart,559151.00,0.067,"13,510",-0.092,"252,496",382642.80,-,2300000,-,20
2,Amazon,386064.00,0.376,"21,331",0.841,"321,195",1558069.60,-,1298000,-,11
3,Apple,274515.00,0.055,"57,411",0.039,"323,888",2050665.90,1,147000,1,188
4,CVS Health,268706.00,0.046,"7,179",0.082,"230,715",98653.20,1,256500,1,57
5,UnitedHealth Group,257141.00,0.062,"15,403",0.113,"197,289",351725.00,2,330000,2,25
6,Berkshire Hathaway,245510.00,-0.036,"42,521",-0.478,"873,729",587823.00,-,360000,-,-
7,McKesson,231051.00,0.078,900,25.471,"61,247",31044.00,1,70000,1,205
8,AmerisourceBergen,189893.90,0.057,"-3,408.70",-4.985,"44,274.80",24169.70,2,21500,2,120
9,Alphabet,182527.00,0.128,"40,269",0.173,"319,616",1392561.80,2,135301,2,215
10,Exxon Mobil,181502.00,-0.315,"-22,440",-2.565,"332,750",236355.40,-7,72000,-7,327
11,AT&T,171760.00,-0.052,"-5,176",-1.372,"525,761",215878.50,-2,230760,-2,26
12,Costco Wholesale,166761.00,0.092,"4,002",0.094,"55,556",155984.30,2,214500,2,123
13,Cigna,160401.00,0.045,"8,458",0.657,"155,451",83976.10,-,72963,-,179
14,Cardinal Health,152922.00,0.051,"-3,696",-3.712,"40,766",17840.30,2,48000,2,64
15,Microsoft,143015.00,0.136,"44,281",0.128,"301,311",1778228.20,6,163000,6,1
16,Walgreens Boots Alliance,139537.00,0.02,456,-0.885,"87,174",47455.30,3,277000,3,19
17,Kroger,132498.00,0.084,"2,585",0.558,"48,662",27064.30,6,465000,6,190
18,Home Depot,132110.00,0.199,"12,866",0.144,"70,581",328775.40,8,504800,8,66
19,JPMorgan Chase,129503.00,-0.091,"29,131",-0.2,"3,386,071",464530.80,-2,255351,-2,54
20,Verizon Communications,128292.00,-0.027,"17,801",-0.076,"316,481",240633.30,-,132200,-,7
21,Ford Motor,127144.00,-0.184,"-1,279",-28.213,"267,261",48739.00,-9,186000,-9,207
22,General Motors,122485.00,-0.107,"6,427",-0.045,"235,194",82794.90,-4,155000,-4,156
23,Anthem,121867.00,0.169,"4,572",-0.049,"86,615",87908.90,6,83400,6,18
24,Centene,111115.00,0.489,"1,808",0.369,"68,719",37169.60,18,71300,18,2
25,Fannie Mae,106437.00,-0.115,"11,805",-0.166,"3,985,749",2397.20,-1,7700,-1,343
26,Comcast,103564.00,-0.049,"10,534",-0.193,"273,869",247859.30,2,168000,2,88
27,Chevron,94692.00,-0.354,"-5,543",-2.896,"239,790",201865.00,-12,47736,-12,56
28,Dell Technologies,94224.00,0.022,"3,250",-0.296,"123,415",67229.10,6,158000,6,142
29,Bank of America,93753.00,-0.175,"17,894",-0.348,"2,819,627",333788.40,-4,212505,-4,10
30,Target,93561.00,0.198,"4,368",0.331,"51,248",98760.90,7,409000,7,3
31,Lowe's,89597.00,0.242,"5,835",0.363,"46,735",136407.90,13,280000,13,175
32,Marathon Petroleum,88952.00,-0.287,"-9,826",-4.726,"85,158",34873.80,-10,57900,-10,181
33,Citigroup,88839.00,-0.141,"11,047",-0.431,"2,260,090",151806.40,-2,210153,-2,17
34,Meta Platforms,85965.00,0.216,"29,146",0.577,"159,316",838724.20,12,58604,12,44
35,United Parcel Service,84628.00,0.142,"1,343",-0.698,"62,408",147791.60,8,408255,8,105
36,Johnson & Johnson,82584.00,0.006,"14,714",-0.027,"174,894",432685.30,-1,134500,-1,51
37,Wells Fargo,80303.00,-0.227,"3,301",-0.831,"1,955,163",161521.00,-7,268531,-7,13
38,General Electric,79619.00,-0.164,"5,704",-,"253,452",115342.50,-5,184000,-5,306
39,State Farm Insurance,78898.00,-0.006,"3,738.90",-0.331,"299,104.50",-,-3,57582,-3,-
40,Intel,77867.00,0.082,"20,899",-0.007,"153,091",260630.10,5,110600,5,6
41,Humana,77155.00,0.189,"3,367",0.244,"34,969",54087.70,11,48700,11,48
42,International Business Machines,73620.00,-0.046,"5,590",-0.407,"155,971",119080.30,-4,364800,-4,91
43,Procter & Gamble,70950.00,0.048,"13,027",2.343,"120,700",333493.10,7,99000,7,127
44,PepsiCo,70372.00,0.048,"7,120",-0.027,"92,918",195207.70,7,291000,7,58
45,FedEx,69217.00,-0.007,"1,286",1.381,"73,537",75367.80,2,418000,2,125
46,MetLife,67842.00,-0.026,"5,407",-0.083,"795,146",53762.60,2,46500,2,23
47,Freddie Mac,66228.00,-0.118,"7,326",0.016,"2,627,415",1332.60,-6,6922,-6,256
48,Phillips 66,65494.00,-0.402,"-3,975",-2.292,"54,721",35703.60,-21,14300,-21,283
49,Lockheed Martin,65398.00,0.093,"6,833",0.097,"50,710",102984.20,8,114000,8,160
50,Walt Disney,65388.00,-0.06,"-2,864",-1.259,"201,549",334952.50,-1,203000,-1,41
51,Archer Daniels Midland (ADM),64355.00,-0.005,"1,772",0.285,"49,719",31834.50,3,38332,3,128
52,Albertsons,62455.10,0.032,466.4,2.558,"24,735.10",8877.70,3,270000,3,-
53,Valero Energy,60115.00,-0.415,"-1,421",-1.587,"51,774",29267.20,-21,9964,-21,239
54,Boeing,58158.00,-0.24,"-11,873",-,"152,136",148664.80,-14,141000,-14,256
55,Prudential Financial,57033.00,-0.12,-374,-1.089,"940,722",36022.40,-2,41671,-2,189
56,HP,56639.00,-0.036,"2,844",-0.098,"34,681",39579.50,2,53000,2,71
57,Raytheon Technologies,56587.00,-0.266,"-3,519",-1.636,"162,153",117143.90,-18,181000,-18,-
58,StoneX,54139.60,0.646,169.6,0.993,"13,474.90",1284.40,42,2950,42,454
59,Goldman Sachs Group,53498.00,-0.008,"9,459",0.117,"1,163,028",116903.00,1,40500,1,46
60,Sysco,52893.30,-0.12,215.5,-0.871,"22,628.30",40189.80,-4,57000,-4,115
61,Morgan Stanley,52047.00,-0.033,"10,996",0.216,"1,115,862",146161.90,-,68097,-,47
62,HCA Healthcare,51533.00,0.004,"3,754",0.071,"47,490",63458.70,3,235000,3,311
63,Cisco Systems,49301.00,-0.05,"11,214",-0.035,"94,853",218308.50,-,77500,-,80
64,Charter Communications,48097.00,0.051,"3,222",0.932,"144,206",128965.70,7,96100,7,162
65,Merck,47994.00,0.025,"7,067",-0.282,"91,588",195062.00,4,73500,4,35
66,Best Buy,47262.00,0.083,"1,798",0.167,"19,067",28707.70,9,81600,9,137
67,New York Life Insurance,46712.40,0.059,-822.3,-1.819,"359,312.50",-,6,11506,6,186
68,AbbVie,45804.00,0.377,"4,616",-0.414,"150,565",190989.40,31,47000,31,77
69,Publix Super Markets,45204.00,0.175,"3,971.80",0.322,"28,094.10",-,18,227000,18,-
70,Allstate,44791.00,0.003,"5,576",0.15,"125,987",34800.20,2,42010,2,8
71,Liberty Mutual Insurance Group,43796.00,0.013,758,-0.274,"145,377",-,6,45000,6,230
72,American International Group,43736.00,-0.121,"-5,944",-2.775,"586,481",39848.90,-6,45000,-6,343
73,Tyson Foods,43185.00,0.018,"2,061",0.041,"34,456",27099.60,6,139000,6,220
74,Progressive,42658.10,0.093,"5,704.60",0.437,"64,098.30",55946.50,12,43326,12,16
75,Bristol-Myers Squibb,42518.00,0.626,"-9,015",-3.621,"118,481",141027.90,40,30250,40,-
76,Nationwide,41929.80,-0.047,-138.4,-1.167,"256,589.30",-,-2,25391,-2,-
77,Pfizer,41908.00,-0.19,"9,616",-0.409,"154,229",202096.90,-13,78500,-13,203
78,Caterpillar,41748.00,-0.224,"2,998",-0.508,"78,324",126439.60,-16,97300,-16,139
79,TIAA,41619.30,0.029,558.1,-0.773,"654,252",-,2,14953,2,-
80,Oracle,39068.00,-0.011,"10,135",-0.086,"115,438",202337.70,2,135000,2,365
81,Energy Transfer,38954.00,-0.281,-648,-1.18,"95,144",20754.70,-22,11421,-22,363
82,Dow,38542.00,-0.103,"1,225",-,"61,470",47649.70,-4,35700,-4,133
83,American Express,38185.00,-0.188,"3,135",-0.536,"191,367",113635.80,-16,63700,-16,29
84,General Dynamics,37925.00,-0.036,"3,167",-0.091,"51,308",51481.90,-1,100700,-1,157
85,Nike,37403.00,-0.044,"2,539",-0.37,"31,342",209499.80,-,75400,-,12
86,Northrop Grumman,36799.00,0.087,"3,189",0.419,"44,469",53956.70,10,97000,10,111
87,USAA,36296.20,0.019,"3,906.90",-0.025,"200,348.40",-,7,35935,7,245
88,Deere,35540.00,-0.095,"2,751",-0.154,"75,091",117270.00,-4,69634,-4,168
89,Abbott Laboratories,34608.00,0.085,"4,495",0.219,"72,548",212300.10,15,109000,15,62
90,Northwestern Mutual,33782.10,0.046,425,-0.665,"308,767",-,12,6641,12,-
91,Dollar General,33746.80,0.216,"2,655.10",0.55,"25,862.60",48479.70,21,158000,21,343
92,Exelon,33039.00,-0.041,"1,963",-0.331,"129,317",42723.50,3,32340,3,217
93,Coca-Cola,33014.00,-0.114,"7,747",-0.132,"87,296",227143.80,-5,80300,-5,262
94,Honeywell International,32637.00,-0.111,"4,779",-0.222,"64,586",150972.40,-2,103000,-2,321
95,Thermo Fisher Scientific,32218.00,0.261,"6,375",0.725,"69,052",179719.40,24,84362,24,278
96,3M,32184.00,0.001,"5,384",0.178,"47,344",111642.10,7,94987,7,106
97,TJX,32137.00,-0.23,90.5,-0.972,"30,813.60",79774.90,-17,320000,-17,36
98,Travelers,31981.00,0.013,"2,697",0.029,"116,764",37933.00,8,30294,8,173
99,Capital One Financial,31643.00,-0.063,"2,714",-0.511,"421,602",58097.00,-2,51985,-2,34
100,Tesla,31536.00,0.283,721,-,"52,148",641115.00,24,70757,24,172
101,Philip Morris International,28694.00,-0.037,"8,056",0.121,"44,815",138302.40,6,71000,6,67
102,Arrow Electronics,28673.40,-0.008,584.4,-,"17,053.90",8267.50,8,19600,8,368
103,CHS,28406.40,-0.11,422.4,-0.491,"15,993.90",-,2,10493,2,-
104,Jabil,27266.40,0.078,53.9,-0.812,"14,397.40",7833.20,17,240000,17,301
105,Enterprise Products Partners,27199.70,-0.17,"3,775.60",-0.178,"64,106.70",48038.80,-4,7130,-4,451
106,Hewlett Packard Enterprise,26982.00,-0.074,-322,-1.307,"54,015",20480.00,3,59400,3,84
107,United Natural Foods,26742.80,0.139,-274.1,-,"7,587",1854.40,26,28300,26,178
108,Mondelez International,26581.00,0.028,"3,555",-0.081,"67,810",82651.10,9,79000,9,237
109,ViacomCBS,26186.00,-0.058,"2,422",-0.268,"52,663",28853.20,2,24225,2,60
110,Kraft Heinz,26185.00,0.048,356,-0.816,"99,830",48924.70,12,38000,12,236
111,Dollar Tree,25509.30,0.08,"1,341.90",0.623,"20,696",26717.40,20,129772,20,112
112,Amgen,25424.00,0.088,"7,264",-0.074,"62,948",143704.30,23,24300,23,152
113,U.S. Bancorp,25241.00,-0.076,"4,959",-0.283,"553,905",83107.40,-,68108,-,185
114,Performance Food Group,25086.30,0.271,-114.1,-1.684,"7,719.70",7705.30,54,20000,54,454
115,Netflix,24996.10,0.24,"2,761.40",0.479,"39,280.40",231040.70,49,9400,49,166
116,Gilead Sciences,24689.00,0.1,123,-0.977,"68,407",81372.80,24,13600,24,28
117,TD Synnex,24675.60,0.039,529.2,0.057,"13,468.60",5874.50,13,277900,13,330
118,Eli Lilly,24539.80,0.099,"6,193.70",-0.255,"46,633.10",179158.90,27,35000,27,27
119,Truist Financial,24427.00,0.666,"4,482",0.39,"509,228",78408.50,98,53638,98,42
120,PNC Financial Services Group,24039.00,0.112,"7,517",0.4,"466,679",74377.40,31,50403,31,-
121,Broadcom,23888.00,0.057,"2,960",0.087,"75,933",189313.50,17,21000,17,320
122,CBRE Group,23826.20,-0.003,752,-0.414,"18,039.10",26549.10,6,100000,6,126
123,Massachusetts Mutual Life Insurance,23663.10,-0.365,-100.5,-1.027,"322,936.30",-,-34,9974,-34,-
124,Qualcomm,23531.00,-0.031,"5,198",0.185,"35,594",150622.20,2,41000,2,78
125,Starbucks,23518.00,-0.113,928.3,-0.742,"29,374.50",128643.60,-11,349000,-11,299
126,Duke Energy,23453.00,-0.049,"1,377",-0.633,"162,388",74252.50,-3,27535,-3,184
127,Plains GP Holdings,23290.00,-0.308,-568,-2.716,"25,951",1824.50,-29,4400,-29,452
128,US Foods Holding,22885.00,-0.118,-226,-1.587,"12,423",8427.50,-12,26000,-12,343
129,Lennar,22488.90,0.01,"2,465",0.333,"29,935.20",30893.20,18,9495,18,399
130,Danaher,22284.00,0.086,"3,646",0.212,"76,161",160497.20,31,69000,31,124
131,Aflac,22147.00,-0.007,"4,778",0.446,"165,086",35191.40,15,12003,15,63
132,Rite Aid,21928.40,0.012,-452.2,-,"9,452.40",1129.90,18,39920,18,108
133,Visa,21846.00,-0.049,"10,866",-0.1,"80,919",452525.40,4,20500,4,14
134,PayPal Holdings,21454.00,0.207,"4,202",0.709,"70,379",284408.30,48,26500,48,101
135,Micron Technology,21435.00,-0.084,"2,687",-0.574,"53,678",98678.00,-1,40000,-1,150
136,CarMax,21424.10,0.119,888.4,0.055,"21,082.20",21562.70,37,27050,37,370
137,Salesforce,21252.00,0.243,"4,072",31.317,"66,301",195132.30,53,56606,53,45
138,Altria Group,20841.00,0.053,"4,467",-,"47,414",95090.60,29,7100,29,114
139,Lumen Technologies,20712.00,-0.075,"-1,232",-,"59,394",14642.90,4,39000,4,343
140,Baker Hughes,20705.00,-0.131,"-9,940",-78.656,"38,007",22494.80,-11,55000,-11,180
141,International Paper,20580.00,-0.08,482,-0.607,"31,718",21240.60,3,49300,3,328
142,Hartford Financial Services Group,20523.00,-0.01,"1,737",-0.167,"74,111",23863.30,18,18500,18,195
143,Penske Automotive Group,20443.90,-0.118,543.6,0.247,"13,247.20",6485.50,-7,23600,-7,399
144,DuPont,20397.00,-0.052,"-2,951",-6.926,"70,904",41308.10,8,34000,8,238
145,AutoNation,20390.00,-0.044,381.6,-0.152,"9,887.20",7683.20,9,21600,9,399
146,Southern,20375.00,-0.049,"3,119",-0.342,"122,935",65678.90,7,27700,7,242
147,World Fuel Services,20358.30,-0.447,109.6,-0.387,"4,500.30",2222.00,-56,4300,-56,399
148,D.R. Horton,20311.10,0.155,"2,373.70",0.467,"18,912.30",32413.10,35,9716,35,399
149,Nucor,20139.70,-0.108,721.5,-0.432,"20,125.40",23975.70,-10,26400,-10,399
150,Cummins,19811.00,-0.16,"1,789",-0.208,"22,624",37971.10,-18,57825,-18,211
151,NGL Energy Partners,19770.90,-0.179,-397,-2.103,"6,498.70",263.50,-24,1400,-24,-
152,DXC Technology,19577.00,-0.076,"-5,369",-5.271,"26,006",7958.60,3,138000,3,246
153,Union Pacific,19533.00,-0.1,"5,349",-0.096,"62,398",146948.30,-4,30960,-4,96
154,Whirlpool,19456.00,-0.047,"1,081",-0.087,"20,350",13831.70,8,78000,8,182
155,Molina Healthcare,19423.00,0.154,673,-0.087,"9,532",13647.30,38,10500,38,399
156,ConocoPhillips,19256.00,-0.475,"-2,701",-1.376,"62,618",71623.40,-63,9700,-63,169
157,McDonald's,19207.80,-0.089,"4,730.50",-0.215,"52,626.80",167112.50,-1,200000,-1,81
158,Kimberly-Clark,19140.00,0.037,"2,352",0.09,"17,523",46999.80,17,46000,17,146
159,Paccar,18728.50,-0.268,"1,298.40",-0.456,"28,260",32255.80,-41,26000,-41,399
160,PG&E,18469.00,0.078,"-1,318",-,"97,856",23240.60,29,24000,29,61
161,CDW,18467.50,0.024,788.5,0.07,"9,344.70",23291.80,17,10000,17,307
162,Sherwin-Williams,18361.70,0.026,"2,030.40",0.317,"20,401.60",65837.30,18,61031,18,163
163,L3Harris Technologies,18194.00,0.415,"1,119",-0.161,"36,960",41664.10,87,48000,87,136
164,Macy's,18097.00,-0.286,"-3,944",-7.993,"17,706",5028.10,-44,75711,-44,39
165,ManpowerGroup,18001.00,-0.137,23.8,-0.949,"9,328.20",5434.20,-7,25000,-7,86
166,NextEra Energy,17997.00,-0.063,"2,919",-0.226,"127,684",148304.90,6,14900,6,132
167,Tenet Healthcare,17640.00,-0.045,399,-,"27,106",5536.50,7,97900,7,315
168,Avnet,17634.30,-0.097,-31.1,-1.176,"8,105.20",4128.40,1,14600,1,-
169,General Mills,17626.60,0.045,"2,181.20",0.244,"30,806.70",37403.40,23,35000,23,145
170,WestRock,17578.80,-0.039,-690.9,-1.801,"28,779.70",13716.10,7,49300,7,326
171,Carrier Global,17456.00,-,"1,982",-,"25,093",36701.10,-,56000,-,305
172,Lincoln National,17439.00,0.01,499,-0.437,"365,948",11953.20,16,10966,16,343
173,Genuine Parts,17384.40,-0.104,-29.1,-1.047,"13,440.20",16691.80,-2,50000,-2,274
174,American Airlines Group,17337.00,-0.621,"-8,885",-6.27,"62,008",15328.80,-104,102700,-104,68
175,Marsh & McLennan,17224.00,0.034,"2,016",0.157,"33,049",62054.90,20,76000,20,117
176,Applied Materials,17202.00,0.178,"3,619",0.337,"22,353",122599.50,42,24000,42,82
177,Becton Dickinson,17117.00,-0.01,874,-0.291,"54,012",70649.70,10,72000,10,79
178,Delta Air Lines,17095.00,-0.636,"-12,385",-3.598,"71,996",30809.70,-110,74000,-110,228
179,Lear,17045.50,-0.14,158.5,-0.79,"13,198.60",10895.80,-13,174600,-13,214
180,Bank of New York Mellon,16940.00,-0.186,"3,617",-0.186,"469,633",41471.00,-21,48500,-21,15
181,Emerson Electric,16785.00,-0.086,"1,965",-0.148,"22,882",54134.70,-5,83500,-5,213
182,Western Digital,16736.00,0.01,-250,-,"25,662",20432.00,16,63800,16,204
183,Occidental Petroleum,16680.00,-0.241,"-14,831",-,"80,064",24848.70,-35,11800,-35,279
184,Nvidia,16675.00,0.527,"4,332",0.549,"28,791",331036.60,108,18975,108,52
185,Cognizant Technology Solutions,16652.00,-0.008,"1,392",-0.244,"16,923",41451.60,9,289500,9,183
186,Jones Lang LaSalle,16589.90,-0.077,402.5,-0.248,"14,316.50",9150.90,-7,90800,-7,103
187,Synchrony Financial,16472.00,-0.154,"1,385",-0.63,"95,948",23740.60,-17,16500,-17,264
188,Colgate-Palmolive,16471.00,0.05,"2,695",0.139,"15,920",66810.30,15,34200,15,153
189,AECOM,16390.80,-0.188,-186.4,-,"12,999",9469.80,-26,54000,-26,241
190,XPO Logistics,16252.00,-0.024,110,-0.737,"16,169",12601.70,6,119750,6,377
191,C.H. Robinson Worldwide,16207.10,0.059,506.4,-0.122,"5,144.30",12514.90,17,14888,17,209
192,BlackRock,16205.00,0.115,"4,932",0.102,"176,982",115079.80,27,16500,27,22
193,Dominion Energy,16128.00,-0.027,-401,-1.295,"95,905",61224.00,4,17300,4,232
194,Rocket Companies,15980.70,2.043,198,-,"37,534.60",45821.00,-,24000,-,272
195,Kohl's,15955.00,-0.201,-163,-1.236,"15,337",9394.10,-30,73000,-30,256
196,Fluor,15884.20,-0.096,-435,-,"7,309.80",3252.40,-15,43717,-15,384
197,DISH Network,15493.40,0.21,"1,762.70",0.259,"38,239.90",19048.20,54,13500,54,385
198,BJ's Wholesale Club,15430.00,0.17,421,1.249,"5,411.50",6156.50,45,32000,45,399
199,Tenneco,15379.00,-0.119,"-1,521",-,"11,852",875.70,-14,73000,-14,276
200,United Airlines Holdings,15355.00,-0.645,"-7,069",-3.349,"59,548",18325.10,-124,74400,-124,386
201,Mastercard,15301.00,-0.094,"6,411",-0.21,"33,584",353686.70,-10,21000,-10,32
202,Waste Management,15218.00,-0.015,"1,496",-0.104,"29,345",54451.70,5,48250,5,83
203,PBF Energy,15115.90,-0.383,"-1,392.40",-5.359,"10,499.80",1699.50,-78,3729,-78,399
204,American Electric Power,14918.50,-0.041,"2,200.10",0.145,"80,757.20",42067.30,-,16787,-,122
205,Fiserv,14852.00,0.458,958,0.073,"74,619",79692.50,106,44000,106,343
206,Principal Financial,14741.70,-0.091,"1,395.80",0.001,"296,627.70",16345.90,-5,17400,-5,121
207,Reinsurance Group of America,14596.00,0.021,415,-0.523,"84,656",8568.00,18,3600,18,231
208,Automatic Data Processing,14589.80,0.029,"2,466.50",0.076,"39,165.50",80653.90,19,58000,19,131
209,Stanley Black & Decker,14534.60,0.006,"1,233.80",0.291,"23,566.30",32152.40,11,58350,11,296
210,Texas Instruments,14461.00,0.005,"5,595",0.115,"19,351",174439.30,12,30000,12,138
211,Halliburton,14445.00,-0.355,"-2,945",-,"20,680",19070.10,-69,40000,-69,248
212,Stryker,14351.00,-0.036,"1,599",-0.232,"34,330",91665.10,2,43000,2,256
213,Est√©e Lauder,14294.00,-0.038,684,-0.617,"17,781",105508.60,2,48000,2,21
214,Corteva,14217.00,0.027,681,-,"42,649",34528.50,20,21000,20,343
215,Freeport-McMoRan,14198.00,-0.014,599,-,"42,144",48027.80,6,24500,6,302
216,Qurate Retail,14177.00,0.053,"1,204",-,"16,999",4880.50,23,26424,23,-
217,Wayfair,14145.20,0.55,185,-,"4,569.90",32644.70,131,16122,131,399
218,Laboratory Corp. of America,13978.50,0.21,"1,556.10",0.889,"20,071.70",24890.90,56,68780,56,343
219,Land O'Lakes,13948.90,0.004,264.9,0.287,"9,186",-,13,9000,13,-
220,PPG Industries,13834.00,-0.087,"1,059",-0.148,"19,556",35603.60,-11,46900,-11,341
221,Gap,13800.00,-0.158,-665,-2.895,"13,769",11164.90,-22,117000,-22,4
222,Kellogg,13770.00,0.014,"1,251",0.303,"17,996",21544.50,15,31000,15,268
223,Parker-Hannifin,13695.50,-0.044,"1,206.30",-0.202,"19,738.20",40716.10,1,50520,1,399
224,Core-Mark Holding,13617.10,0.022,63.2,0.095,"1,954.70",1747.30,16,7534,16,399
225,Jacobs Engineering Group,13578.20,-0.122,491.8,-0.42,"12,354.40",16816.20,-19,53500,-19,199
226,Edison International,13578.00,0.1,739,-0.424,"69,372",22229.30,33,13209,33,38
227,Guardian Life Ins. Co. of America,13561.50,0.006,23.5,-0.965,"85,424.70",-,11,8871,11,-
228,Biogen,13444.60,-0.065,"4,000.60",-0.321,"24,618.90",42615.90,-5,9100,-5,5
229,Omnicom Group,13171.10,-0.119,945.4,-0.294,"27,647.20",15946.20,-18,64100,-18,53
230,Unum Group,13162.10,0.097,793,-0.279,"70,625.80",5669.80,36,10500,36,149
231,Lithia Motors,13124.30,0.036,470.3,0.732,"7,902.10",10467.00,21,14538,21,285
232,American Family Insurance Group,13074.50,0.035,403.2,-0.116,"33,941.80",-,22,13225,22,-
233,Discover Financial Services,12953.00,-0.074,"1,141",-0.614,"112,889",29099.70,-2,17600,-2,24
234,Adobe,12868.00,0.152,"5,260",0.782,"24,284",227226.90,51,22516,51,73
235,Aramark,12829.60,-0.209,-461.5,-2.029,"15,712.70",9595.30,-35,209325,-35,314
236,Otis Worldwide,12756.00,-,906,-,"10,710",29418.40,-,69000,-,140
237,Ecolab,12748.70,-0.145,"-1,205.10",-1.773,"18,126",61240.70,-24,44000,-24,147
238,AutoZone,12632.00,0.065,"1,733",0.072,"14,423.90",30946.30,30,80000,30,90
239,Loews,12583.00,-0.157,-931,-1.999,"80,236",13698.30,-27,12200,-27,399
240,Illinois Tool Works,12574.00,-0.109,"2,109",-0.163,"15,612",70106.70,-11,43000,-11,107
241,Fidelity National Information Services,12552.00,0.215,158,-0.47,"83,842",87336.90,62,62000,62,229
242,Ross Stores,12531.60,-0.219,85.4,-0.949,"12,717.90",42750.70,-40,93700,-40,273
243,Peter Kiewit Sons',12463.00,0.212,826,0.971,"6,440",-,64,27000,64,-
244,Equitable Holdings,12415.00,0.294,-648,-,"275,397",14207.50,89,12400,89,94
245,WESCO International,12326.00,0.475,100.6,-0.55,"11,880.20",4340.50,134,18000,134,322
246,Goodyear Tire & Rubber,12321.00,-0.164,"-1,254",-,"16,506",4099.10,-30,62000,-30,343
247,Fox,12303.00,0.08,999,-0.374,"21,750",21022.20,33,9000,33,102
248,Leidos Holdings,12297.00,0.108,628,-0.058,"12,511",13608.80,41,39000,41,280
249,Consolidated Edison,12246.00,-0.026,"1,101",-0.18,"62,895",25613.00,7,14071,7,70
250,DTE Energy,12177.00,-0.039,"1,368",0.17,"45,496",25792.80,3,10600,3,154
251,Charles Schwab,12109.00,0.027,"3,299",-0.109,"549,009",122691.20,20,32000,20,218
252,State Street,12078.00,-0.08,"2,420",0.079,"314,706",29553.60,-8,39439,-8,30
253,Ameriprise Financial,11958.00,-0.087,"1,534",-0.19,"165,883",27103.50,-8,12300,-8,275
254,Viatris,11946.00,-,-669.9,-,"61,553",16862.90,-,45000,-,167
255,Sempra Energy,11940.00,-0.04,"3,932",0.79,"66,623",40132.80,3,14706,3,43
256,Farmers Insurance Exchange,11869.70,-0.057,-116.4,-3.105,"17,853.30",-,-1,10004,-1,-
257,Bath & Body Works,11846.90,-0.083,844.5,-,"11,571",17247.50,-9,57350,-9,307
258,W.W. Grainger,11797.00,0.027,695,-0.181,"6,295",20985.10,20,22450,20,74
259,Community Health Systems,11789.00,-0.108,511,-,"16,006",1752.40,-18,62500,-18,288
260,Ball,11781.00,0.027,585,0.034,"18,252",27800.50,19,21500,19,225
261,Berry Global Group,11709.00,0.319,559,0.384,"16,701",8221.10,97,47000,97,300
262,Kinder Morgan,11700.00,-0.114,119,-0.946,"71,973",37703.10,-20,10524,-20,271
263,VF,11688.10,-0.157,679.4,-0.461,"11,133.30",31305.80,-30,48000,-30,50
264,Baxter International,11673.00,0.027,"1,102",0.101,"20,019",42656.80,18,50000,18,40
265,Textron,11651.00,-0.145,309,-0.621,"15,443",12726.00,-29,33000,-29,159
266,LKQ,11628.80,-0.07,638.4,0.18,"12,360.50",12801.20,-9,44000,-9,392
267,Keurig Dr Pepper,11618.00,0.045,"1,325",0.057,"49,779",48367.80,21,27000,21,335
268,O'Reilly Automotive,11604.50,0.143,"1,752.30",0.26,"11,596.60",35460.80,46,70179,46,399
269,Crown Holdings,11575.00,-0.008,579,0.135,"16,670",13091.90,3,33264,3,393
270,Universal Health Services,11558.90,0.016,944,0.158,"13,476.90",11350.60,11,78550,11,399
271,DaVita,11550.60,-0.181,773.6,-0.046,"16,988.50",11790.00,-41,67000,-41,135
272,Xcel Energy,11526.00,-,"1,473",0.074,"53,957",35759.00,4,11367,4,219
273,Newmont,11497.00,0.18,"2,829",0.009,"41,369",48282.70,55,14300,55,277
274,Vistra,11443.00,-0.031,636,-0.315,"25,208",8512.00,-4,5365,-4,224
275,IQVIA Holdings,11359.00,0.024,279,0.461,"24,564",37034.40,15,70000,15,254
276,eBay,11351.00,0.051,"5,667",2.173,"19,310",41670.50,19,12700,19,113
277,Corning,11303.00,-0.017,512,-0.467,"30,775",33466.30,-,50110,-,249
278,Quanta Services,11202.70,-0.075,445.6,0.108,"8,398.30",12173.40,-17,35800,-17,399
279,HollyFrontier,11183.60,-0.36,-601.4,-1.779,"11,506.90",5811.20,-95,3891,-95,399
280,Bed Bath & Beyond,11158.60,-0.072,-613.8,-,"7,790.50",3533.40,-15,55000,-15,364
281,Uber Technologies,11139.00,-0.213,"-6,768",-,"33,252",101438.00,-53,22800,-53,37
282,Mutual of Omaha Insurance,11098.40,0.061,698.1,1.572,"47,294",-,18,5526,18,-
283,Conagra Brands,11054.40,0.159,840.1,0.239,"22,304",18370.60,51,16500,51,289
284,PulteGroup,11036.10,0.081,"1,406.80",0.384,"12,205.50",13869.10,25,5249,25,399
285,EOG Resources,11032.00,-0.365,-604.6,-1.221,"35,804.60",42331.90,-99,2900,-99,324
286,Group 1 Automotive,10851.80,-0.099,286.5,0.647,"5,089.40",2855.30,-22,12337,-22,399
287,Ally Financial,10780.00,-0.072,"1,085",-0.367,"182,165",16875.60,-14,9500,-14,222
288,Fidelity National Financial,10778.00,0.273,"1,427",0.344,"50,455",11838.90,87,27058,87,318
289,Nordstrom,10715.00,-0.31,-690,-2.391,"9,538",5974.80,-84,62000,-84,49
290,Discovery,10671.00,-0.042,"1,219",-0.411,"34,087",19355.90,-3,9800,-3,317
291,Tractor Supply,10620.40,0.272,749,0.332,"7,049.10",20576.80,89,32000,89,251
292,CSX,10583.00,-0.113,"2,765",-0.17,"39,793",73230.60,-25,19282,-25,378
293,Marriott International,10571.00,-0.496,-267,-1.21,"24,701",48220.20,-136,121000,-136,31
294,FirstEnergy,10435.00,-0.038,"1,079",0.183,"44,464",18871.60,-,12153,-,379
295,BorgWarner,10165.00,-,500,-0.33,"16,029",11081.00,17,49700,17,295
295,Jones Financial (Edward Jones),10165.00,0.067,"1,285",0.177,"28,320",-,41,50000,41,293
297,Republic Services,10153.60,-0.014,967.2,-0.099,"23,434",31682.50,8,35000,8,304
298,Henry Schein,10119.10,-0.018,403.8,-0.419,"7,772.50",9850.70,6,19000,6,298
299,Expeditors Intl. of Washington,10116.50,0.237,696.1,0.179,"4,927.50",18166.70,90,17480,90,399
300,Entergy,10113.60,-0.07,"1,388.30",0.119,"58,239.20",20000.30,-7,13400,-7,371
301,Advance Auto Parts,10106.30,0.041,493,0.013,"11,839.60",12006.10,29,54000,29,338
302,Assurant,10094.80,0.001,441.8,0.155,"44,649.90",8208.90,13,13850,13,97
303,Pacific Life,10062.00,-0.151,-671,-1.926,"190,672",-,-34,4083,-34,-
304,Lam Research,10044.70,0.041,"2,251.80",0.028,"14,559",85064.70,27,11300,27,227
305,Boston Scientific,9913.00,-0.077,-82,-1.017,"30,777",54903.00,-9,38000,-9,59
306,Altice USA,9894.60,0.014,436.2,2.139,"33,376.70",15393.70,21,8900,21,399
307,Norfolk Southern,9789.00,-0.133,"2,013",-0.26,"37,962",67418.00,-24,20156,-24,234
308,Sonic Automotive,9767.00,-0.066,-51.4,-1.357,"3,746",2038.00,-7,8100,-7,454
309,Advanced Micro Devices,9763.00,0.45,"2,490",6.302,"8,962",95346.70,139,12600,139,313
310,United States Steel,9741.00,-0.247,"-1,165",-,"12,059",7034.00,-63,23350,-63,343
311,Markel,9735.10,0.022,816,-0.544,"41,710.10",15699.60,24,18900,24,343
312,ODP,9710.00,-0.088,-319,-4.222,"5,558",2317.10,-15,37000,-15,340
313,AES,9660.00,-0.052,46,-0.848,"34,603",18180.20,-3,8162,-3,284
314,Molson Coors Beverage,9654.00,-0.087,-949,-4.926,"27,331.10",11118.20,-16,17000,-16,282
315,J.B. Hunt Transport Services,9636.60,0.051,506,-0.02,"5,928.30",17765.80,31,30309,31,343
316,KKR,9629.70,0.056,"2,002.50",-0.001,"79,806.50",42352.60,33,1583,33,-
317,Hormel Foods,9608.50,0.012,908.1,-0.072,"9,908.30",25808.30,20,19100,20,92
318,Public Service Enterprise Group,9603.00,-0.047,"1,905",0.125,"50,050",30411.70,-1,12788,-1,247
319,Steel Dynamics,9601.50,-0.083,550.8,-0.179,"9,265.60",10721.50,-20,9625,-20,398
320,Dick's Sporting Goods,9584.00,0.095,530.3,0.783,"7,752.90",6798.80,42,33450,42,192
321,Mohawk Industries,9552.20,-0.042,515.6,-0.307,"14,327.80",13505.20,-,42000,-,376
322,Murphy USA,9504.30,-0.215,386.1,1.494,"2,685.70",3900.80,-60,7400,-60,399
323,Block,9497.60,1.015,213.1,-0.432,"9,869.60",103220.30,252,5477,-,191
324,Quest Diagnostics,9437.00,0.221,"1,431",0.668,"14,026",17127.60,86,44500,86,75
325,Newell Brands,9385.00,-0.069,-770,-8.223,"14,700",11390.40,-9,31000,-9,104
326,Liberty Media,9363.00,-0.09,"-1,421",-14.406,"44,004",14919.20,-20,7047,-20,325
327,Huntington Ingalls Industries,9361.00,0.052,696,0.268,"8,157",8295.70,30,42000,30,343
328,Cheniere Energy,9358.00,-0.038,-85,-1.131,"35,697",18256.60,1,1519,1,141
329,SpartanNash,9348.50,0.095,75.9,12.221,"2,277.40",709.30,41,14400,41,170
330,Alcoa,9286.00,-0.11,-170,-,"14,860",6053.60,-28,12900,-28,194
331,AGCO,9149.70,0.012,427.1,2.411,"8,504.20",10815.90,19,21426,19,399
332,Voya Financial,9133.00,0.021,-206,-,"180,518",7878.50,21,5970,21,148
333,NRG Energy,9093.00,-0.079,510,-0.885,"14,902",9232.10,-9,4104,-9,266
334,Interpublic Group,9061.00,-0.114,351.1,-0.465,"18,042.70",11407.80,-26,50200,-26,-
335,Campbell Soup,9050.00,-0.087,"1,628",6.716,"12,372",15232.30,-13,14500,-13,76
336,Southwest Airlines,9048.00,-0.597,"-3,074",-2.337,"34,588",36066.80,-195,56537,-195,208
337,News Corp.,9008.00,-0.106,"-1,269",-9.187,"14,261",14628.80,-19,23500,-19,399
338,Eversource Energy,8904.40,0.044,"1,205.20",0.326,"46,099.60",29728.20,33,9299,33,193
339,Alleghany,8896.70,-0.016,101.8,-0.881,"28,927",8750.30,12,10407,12,372
340,Air Products & Chemicals,8856.30,-0.007,"1,886.70",0.072,"25,168.50",62254.00,15,19138,15,93
341,Auto-Owners Insurance,8853.20,-0.115,829.4,-0.387,"29,755.60",-,-21,6329,-21,-
342,CenterPoint Energy,8835.00,-0.282,-773,-1.977,"33,471",12493.30,-82,9541,-82,369
343,Reliance Steel & Aluminum,8811.90,-0.197,369.1,-0.474,"8,106.80",9685.90,-52,13000,-52,399
344,EMCOR Group,8797.10,-0.041,132.9,-0.591,"5,063.80",6146.00,-,33000,-,399
345,Owens & Minor,8706.90,-0.098,29.9,-,"3,335.60",2763.00,-13,18800,-13,399
346,Mosaic,8681.70,-0.025,666.1,-,"19,789.80",11983.10,10,12617,10,267
347,Erie Insurance Group,8666.00,0.026,"1,173.10",1.129,"25,381.10",-,29,5849,29,-
348,Genworth Financial,8658.00,-0.003,178,-0.481,"105,747",1679.20,16,3000,16,307
349,Amphenol,8598.90,0.045,"1,203.40",0.042,"12,327.30",39526.20,37,80000,37,210
350,Builders FirstSource,8558.90,0.176,313.5,0.414,"4,173.70",9572.20,75,26000,75,399
351,Oneok,8542.20,-0.16,612.8,-0.521,"23,078.80",22542.90,-38,2886,-38,202
352,United Rentals,8530.00,-0.088,890,-0.242,"17,868",23819.00,-12,18250,-12,233
353,Brighthouse Financial,8503.00,0.297,"-1,061",-,"247,869",3866.50,104,1400,104,399
354,Regeneron Pharmaceuticals,8497.10,0.081,"3,513.20",0.66,"17,163.30",50688.40,51,9123,51,174
355,Eastman Chemical,8473.00,-0.086,478,-0.37,"16,083",15033.20,-12,14500,-12,171
356,CommScope Holding,8435.90,0.011,-573.4,-,"13,576.80",3124.20,25,30000,25,235
357,Ryder System,8420.10,-0.057,-122.3,-,"12,932",4072.00,-3,39000,-3,399
358,Fifth Third Bancorp,8402.00,-0.142,"1,427",-0.432,"204,680",26628.60,-33,19872,-33,177
359,Constellation Brands,8343.50,0.028,-11.8,-1.003,"27,323.20",44247.50,33,9000,33,386
360,Insight Enterprises,8340.60,0.079,172.6,0.083,"4,310.70",3349.50,49,11006,49,292
361,Global Partners,8321.60,-0.364,102.2,1.85,"2,540.50",726.10,-115,2958,-115,399
362,Univar Solutions,8265.00,-0.125,52.9,-,"6,355",3650.60,-23,9457,-23,373
363,Yum China Holdings,8263.00,-0.058,784,0.1,"10,875",24892.30,-2,271000,-2,294
364,Targa Resources,8260.30,-0.047,"-1,553.90",-,"15,875.70",7259.80,1,2372,1,366
365,Intercontinental Exchange,8244.00,0.259,"2,089",0.081,"126,200",62843.70,94,8890,94,297
366,Andersons,8208.40,0.005,7.7,-0.579,"4,272.10",921.90,24,2294,24,454
367,Raymond James Financial,8168.00,0.018,818,-0.209,"47,482",16877.90,29,14800,29,386
368,Thor Industries,8167.90,0.039,223,0.673,"5,771.50",7460.00,36,22250,36,374
369,Thrivent Financial for Lutherans,8152.70,-0.053,637,-0.342,"110,151.70",-,-1,3386,-1,-
370,Hershey,8149.70,0.02,"1,278.70",0.112,"9,131.80",32765.30,28,16040,28,69
371,Casey's General Stores,8112.30,-0.03,263.8,0.294,"3,943.90",7987.60,7,27218,7,256
372,W.R. Berkley,8098.90,0.025,530.7,-0.222,"28,606.90",13364.20,30,7495,30,130
373,Activision Blizzard,8086.00,0.246,"2,197",0.462,"23,109",72052.10,90,9500,90,399
374,Western & Southern Financial Group,8057.90,0.017,204.4,-0.165,"57,595.40",-,27,2729,27,-
375,American Tower,8041.50,0.061,"1,690.60",-0.104,"47,233.50",106234.50,39,5618,39,367
376,American Financial Group,7909.00,-0.04,732,-0.184,"73,566",9858.20,7,7300,7,399
377,Darden Restaurants,7806.90,-0.083,-52.4,-1.073,"9,946.10",18506.60,-5,177895,-5,334
378,J.M. Smucker,7801.00,-0.005,779.5,0.515,"16,970.40",13865.90,29,7300,29,164
379,Williams,7719.00,-0.059,211,-0.752,"44,165",28777.60,8,4739,8,216
380,Intuit,7679.00,0.132,"1,826",0.173,"10,931",104897.10,65,11950,65,55
381,Citizens Financial Group,7676.00,-0.048,"1,057",-0.41,"183,349",18768.40,14,17584,14,143
382,PPL,7607.00,-0.021,"1,469",-0.159,"48,116",22177.50,26,12318,26,240
383,NVR,7566.00,0.019,901.2,0.026,"5,777.10",17318.00,34,6100,34,330
384,Westinghouse Air Brake Technologies,7556.10,-0.079,414.4,0.268,"18,454.50",14953.00,4,27000,4,158
385,Foot Locker,7548.00,-0.057,323,-0.342,"7,043",5809.40,12,33522,12,196
386,Cincinnati Financial,7536.30,-0.049,"1,216.40",-0.391,"27,541.70",16601.60,14,5266,14,198
387,Weyerhaeuser,7532.00,0.149,797,-,"16,311",26655.30,70,9372,70,396
388,Westlake Chemical,7504.00,-0.076,330,-0.216,"13,835",11350.40,3,9220,3,399
389,Navistar International,7503.00,-0.333,-347,-2.57,"6,637",4390.50,-105,12100,-105,399
390,Magellan Health,7501.50,0.048,382.3,5.839,"3,359.90",2421.00,42,9000,42,399
391,Booz Allen Hamilton Holding,7463.80,0.113,482.6,0.153,"4,794",11089.50,59,27200,59,187
392,Autoliv,7447.40,-0.129,186.9,-0.595,"8,156.80",8112.80,-23,64716,-23,380
393,S&P Global,7442.00,0.111,"2,339",0.102,"12,537",85001.60,58,23000,58,129
394,Global Payments,7423.60,0.511,584.5,0.357,"44,201.50",59484.30,159,24000,-,399
395,Motorola Solutions,7414.00,-0.06,949,0.093,"10,876",31785.80,8,18000,8,212
396,KeyCorp,7337.00,-0.046,"1,343",-0.218,"170,336",19182.00,15,16826,15,99
397,Delek US Holdings,7301.80,-0.215,-608,-2.958,"6,134.10",1609.00,-55,3532,-55,399
398,Masco,7289.00,-0.115,"1,224",0.309,"5,777",15208.80,-14,18000,-14,-
399,Graybar Electric,7265.70,-0.034,121.8,-0.157,"2,551.20",-,16,8200,16,-
400,WEC Energy Group,7241.70,-0.037,"1,199.90",0.058,"37,028.10",29521.50,16,7273,16,312
401,Old Republic International,7166.00,-0.007,558.6,-0.471,"22,815.20",6650.30,26,9000,26,453
402,Frontier Communications,7155.00,-0.117,-402,-,"16,795",29.30,-9,16200,-9,454
403,Chewy,7146.30,0.474,-92.5,-,"1,740.90",35176.90,156,18500,-,454
404,PVH,7132.60,-0.28,"-1,136.10",-3.723,"13,293.50",7522.70,-82,26500,-82,9
405,Asbury Automotive Group,7131.80,-0.011,254.4,0.38,"3,676.30",3798.10,23,7750,23,399
406,Seaboard,7126.00,0.042,283,-,"6,399",4283.30,38,13100,38,-
407,Polaris,7108.30,0.036,124.8,-0.615,"4,632.70",8179.30,35,15000,35,250
408,Dana,7106.00,-0.176,-31,-1.137,"7,376",3529.40,-41,38200,-41,382
409,First American Financial,7086.70,0.143,696.4,-0.016,"12,796",6216.50,67,19597,67,151
410,Cintas,7085.10,0.028,876,-0.01,"7,669.90",35850.90,31,40000,31,343
411,Toll Brothers,7077.70,-0.02,446.6,-0.243,"11,065.70",6984.80,15,4500,15,343
412,Science Applications International,7056.00,0.106,209,-0.075,"5,723",4853.80,54,26134,54,226
413,Owens Corning,7055.00,-0.015,-383,-1.946,"9,481",9662.70,18,19000,18,65
414,Zimmer Biomet Holdings,7024.50,-0.12,-138.9,-1.123,"24,417.70",33347.30,-15,20000,-15,454
415,Xerox Holdings,7022.00,-0.232,192,-0.858,"14,741",4821.30,-68,24700,-68,-
416,Arthur J. Gallagher,7003.60,-0.027,818.8,0.224,"22,331.40",24353.40,13,32401,13,200
417,Avery Dennison,6971.50,-0.014,555.9,0.831,"6,083.90",15246.50,18,32000,18,134
418,Sanmina,6960.40,-0.155,139.7,-0.013,"3,772.70",2686.70,-33,33500,-33,342
419,Jefferies Financial Group,6955.90,0.298,775.2,-0.196,"53,118.40",7524.60,101,4945,-,394
420,Beacon Roofing Supply,6943.90,-0.023,-80.9,-,"6,957.50",3631.40,14,7582,14,399
421,Securian Financial Group,6870.40,0.041,243.3,-0.441,"68,059.30",-,34,6537,34,244
422,Oshkosh,6856.80,-0.182,324.5,-0.44,"5,815.90",8114.50,-45,14400,-45,281
423,FM Global,6798.00,0.008,"1,731.90",-0.301,"27,975.70",-,24,5625,24,-
424,Booking Holdings,6796.00,-0.549,59,-0.988,"21,874",95434.40,-214,20199,-214,290
425,Williams-Sonoma,6783.20,0.15,680.7,0.912,"4,661.40",13653.80,64,16600,64,343
426,Coty,6737.90,-0.221,"-1,006.70",-,"16,728.80",6908.80,-60,18260,-60,165
427,Clorox,6721.00,0.082,939,0.145,"6,213",24262.60,47,8800,47,155
428,Pioneer Natural Resources,6685.00,-0.283,-200,-1.259,"19,229",34397.30,-87,1853,-87,206
429,Dover,6683.80,-0.063,683.5,0.008,"9,152.10",19727.10,4,23000,4,263
430,CMS Energy,6680.00,-0.024,755,0.11,"29,666",17718.70,13,8493,13,197
431,Zoetis,6675.00,0.066,"1,638",0.092,"13,609",74829.20,41,11300,41,381
432,Hanesbrands,6664.40,-0.043,-75.6,-1.126,"7,698.90",6865.00,4,61000,4,330
433,Packaging Corp. of America,6658.20,-0.044,461,-0.338,"7,433.20",12775.00,4,15200,4,390
434,Regions Financial,6655.00,-0.015,"1,094",-0.308,"147,389",19847.50,12,19406,12,89
435,Graphic Packaging Holding,6559.90,0.065,167.3,-0.191,"7,804.60",4862.40,42,18775,42,337
436,UGI,6559.00,-0.104,532,1.077,"13,985",8552.80,-13,11300,-13,287
437,Sprouts Farmers Market,6468.80,0.148,287.5,0.921,"2,806.40",3139.90,65,33000,-,176
438,Avantor,6393.60,0.058,116.6,2.085,"9,906.50",16631.40,46,12400,46,303
439,Veritiv,6345.60,-0.172,34.2,-,"2,335",679.50,-27,6400,-27,399
440,Rockwell Automation,6329.80,-0.055,"1,023.40",0.471,"7,264.70",30832.20,12,23500,12,223
441,MasTec,6321.00,-0.12,322.8,-0.177,"5,227.80",6953.40,-11,18000,-11,322
442,DCP Midstream,6302.00,-0.174,-306,-19,"12,957",4513.10,-29,1837,-29,-
443,Northern Trust,6301.10,-0.086,"1,209.30",-0.19,"170,003.90",21854.20,-3,20900,-3,201
444,M&T Bank,6281.20,-0.095,"1,353.20",-0.299,"142,601.10",19502.20,-6,17046,-6,252
445,Realogy Holdings,6221.00,0.06,-360,-,"6,934",1767.40,45,9335,45,386
446,NCR,6207.00,-0.102,-79,-1.14,"8,414",4943.20,-7,36000,-7,343
447,T. Rowe Price,6206.70,0.105,"2,372.70",0.113,"10,659",39031.00,57,7678,-,119
448,Vertex Pharmaceuticals,6205.70,0.491,"2,711.60",1.304,"11,751.80",55862.80,178,3400,-,98
449,Big Lots,6199.20,0.165,629.2,1.595,"4,037.30",2394.30,77,23900,-,399
450,Ralph Lauren,6159.80,-0.024,384.3,-0.108,"7,279.90",9005.30,19,19300,19,87
451,Ulta Beauty,6152.00,-0.168,175.8,-0.751,"5,090",17377.10,-33,26500,-33,399
452,Taylor Morrison Home,6129.30,0.287,243.4,-0.044,"7,738",3969.20,115,2700,-,291
453,Icahn Enterprises,6123.00,-0.319,"-1,653",-,"24,987",12964.70,-101,23833,-101,-
454,Blackstone Group,6101.90,-0.168,"1,045.40",-0.49,"26,269.30",50966.60,-34,3165,-34,243
455,O-I Glass,6091.00,-0.09,249,-,"8,882",2327.10,-2,25000,-2,-
456,Fortune Brands Home & Security,6090.30,0.057,553.1,0.281,"7,358.70",13264.20,38,27505,38,336
457,NOV,6090.00,-0.282,"-2,542",-,"9,929",5326.30,-83,27631,-83,454
458,Ovintiv,6087.00,-0.095,"-6,097",-27.056,"14,469",6219.60,-9,1916,-9,339
459,Alexion Pharmaceuticals,6069.90,0.216,603.4,-0.749,"18,103",33596.10,88,3837,-,329
460,Huntsman,6025.00,-0.278,"1,034",0.84,"8,713",6390.10,-78,9000,-78,383
461,Equinix,5998.50,0.078,369.8,-0.271,"27,006.80",60679.10,48,10013,-,319
462,ABM Industries,5987.60,-0.079,0.3,-0.998,"3,776.90",3422.20,-,114000,-,85
463,Ingredion,5987.00,-0.036,348,-0.157,"6,858",6034.60,12,12000,12,261
464,Chipotle Mexican Grill,5984.60,0.071,355.8,0.016,"5,982.90",39987.70,42,88000,-,399
465,Sinclair Broadcast Group,5943.00,0.402,"-2,414",-52.362,"13,382",2167.00,157,11600,-,454
466,LPL Financial Holdings,5871.60,0.044,472.6,-0.156,"6,523.60",11358.60,37,4756,-,109
467,Crown Castle International,5840.00,0.013,"1,056",0.228,"38,768",74392.40,29,4900,29,391
468,KLA,5806.40,0.271,"1,216.80",0.035,"9,280",50906.30,120,10600,-,-
469,Ameren,5794.00,-0.02,871,0.052,"32,030",20780.20,19,9183,19,286
470,KBR,5767.00,0.023,-72,-1.356,"5,705",5407.00,31,29000,-,343
471,Burlington Stores,5764.00,-0.209,-216.5,-1.465,"6,781.10",19835.90,-47,35246,-47,221
472,Olin,5758.00,-0.058,-969.9,-,"8,270.90",6024.10,9,8000,9,253
473,CACI International,5720.00,0.147,321.5,0.21,"5,542.50",6223.50,76,22900,-,399
474,Post Holdings,5698.70,0.003,0.8,-0.994,"12,146.70",6804.90,25,10200,25,255
475,Academy Sports and Outdoors,5689.20,0.178,308.8,1.572,"4,384.50",2459.20,-,16500,-,161
476,Arconic,5675.00,-,-109,-,"6,314",2792.70,-,13400,-,269
477,Celanese,5655.00,-0.102,"1,985",1.33,"10,909",17104.50,-7,7658,-7,316
478,Yum Brands,5652.00,0.01,904,-0.301,"5,852",32460.00,27,38000,-,116
479,Fastenal,5647.30,0.059,859.1,0.086,"3,964.70",28877.90,46,20365,-,399
480,Nasdaq,5627.00,0.32,933,0.205,"17,979",24300.80,140,4830,-,95
481,Analog Devices,5603.10,-0.065,"1,220.80",-0.104,"21,468.60",57208.00,6,15900,6,144
482,McCormick,5601.30,0.047,747.4,0.064,"12,089.70",23808.90,41,13000,-,100
483,Carvana,5586.60,0.418,-171.1,-,"3,034.50",45475.40,168,10400,-,343
484,Franklin Resources,5566.50,-0.036,798.9,-0.332,"20,220.90",14960.00,9,11800,9,118
485,Electronic Arts,5537.00,0.119,"3,039",1.982,"11,112",38935.90,65,9800,-,307
486,MDU Resources Group,5532.80,0.037,390.2,0.163,"8,053.40",6359.80,38,12994,-,397
487,Select Medical Holdings,5531.70,0.014,259,0.745,"7,655.40",4598.00,28,42350,-,399
488,Roper Technologies,5527.10,0.03,949.7,-0.463,"24,024.80",42326.30,30,18400,-,399
489,RPM International,5507.00,-0.01,304.4,0.142,"5,631",11949.90,19,14621,-,394
490,Cerner,5505.80,-0.033,780.1,0.473,"7,521.10",22016.40,8,26400,8,330
491,Patterson,5490.00,-0.015,-588.4,-8.036,"2,715.40",3087.50,16,7800,-,270
492,Commercial Metals,5476.50,-0.06,279.5,0.411,"4,081.70",3716.50,-1,11297,-1,399
493,Boise Cascade,5474.80,0.179,175,1.162,"1,965.70",2353.10,86,6040,-,375
494,Hasbro,5465.40,0.158,222.5,-0.572,"10,818.40",13202.20,80,6822,-,72
495,A-Mark Precious Metals,5461.10,0.142,30.5,12.712,758,360.20,70,218,-,399
496,Camping World Holdings,5446.60,0.113,122.3,-,"3,256.40",3452.50,59,11427,-,399
497,NetApp,5412.00,-0.119,819,-0.299,"7,522",16176.40,-19,10800,-19,265
498,Avis Budget Group,5402.00,-0.411,-684,-3.265,"17,538",5067.60,-153,17500,-153,33
499,R.R. Donnelley & Sons,5398.80,-0.14,98.5,-,"3,130.90",289.90,-28,33000,-28,454
500,Moody's,5371.00,0.112,"1,778",0.25,"12,409",55884.80,61,11490,-,110
501,Cleveland-Cliffs,5354.00,1.691,-122,-1.417,"16,771",10033.00,-,25000,-,-
502,Agilent Technologies,5339.00,0.034,719,-0.329,"9,627",38739.20,35,16400,-,-
503,Tutor Perini,5318.80,0.195,108.4,-,"5,045.60",964.80,97,8700,-,-
504,ADT,5314.80,0.037,-632.2,-,"16,116.90",6893.60,37,20500,-,-
505,Microchip Technology,5274.20,-0.014,570.6,0.603,"17,426.10",41794.80,17,18000,-,-
506,Michaels,5271.10,0.039,294.9,0.082,"4,528.40",3108.00,38,28000,-,-
507,Howmet Aerospace,5259.00,-0.629,261,-0.445,"11,443",13932.00,-281,19700,-,-
508,Hertz Global Holdings,5258.00,-0.462,"-1,714",-,"16,908",268.70,-182,24000,-,-
509,ON Semiconductor,5255.00,-0.048,234.2,0.106,"8,668",17138.40,3,32750,-,-
510,Huntington Bancshares,5238.00,-0.074,817,-0.421,"123,038",16071.90,-10,15578,-,-
511,Sonoco Products,5237.40,-0.025,207.5,-0.289,"5,277.30",6367.80,6,20000,-,-
512,Telephone & Data Systems,5225.00,0.009,226,0.868,"12,525",2625.80,24,9200,-,-
513,Chesapeake Energy,5210.00,-0.386,-,-,"6,584",4248.20,-140,1300,-,-
514,Kemper,5205.70,0.033,409.9,-0.228,"14,341.90",5229.20,31,9500,-,-
515,Expedia Group,5199.00,-0.569,"-2,612",-5.623,"18,690",24762.00,-252,19100,-,-
516,TransDigm Group,5182.00,-0.061,699,-0.214,"18,395",32152.70,-3,14200,-,-
517,MGM Resorts International,5162.10,-0.6,"-1,032.70",-1.504,"36,494.90",18805.20,-268,48500,-,-
518,UFP Industries,5154.00,0.167,246.8,0.374,"2,404.90",4683.30,88,12000,-,-
519,Robert Half International,5109.00,-0.159,306.3,-0.326,"2,557.40",8831.70,-37,13000,-,-
520,Devon Energy,5091.00,-0.309,"-2,680",-,"9,912",14707.20,-101,1400,-,-
521,GameStop,5089.80,-0.213,-215.3,-,"2,472.60",13275.20,-57,22000,-,-
522,International Flavors & Fragrances,5084.20,-0.011,363.2,-0.203,"13,555.70",34741.50,18,13700,-,-
523,Resideo Technologies,5071.00,0.017,37,0.028,"5,610",4043.70,25,14700,-,-
524,Watsco,5054.90,0.06,269.6,0.096,"2,484.30",10068.20,42,5800,-,-
525,Amkor Technology,5050.60,0.246,338.1,1.797,"5,022.30",5769.60,114,29050,-,-
526,Coca-Cola Consolidated,5007.40,0.037,172.5,14.164,"3,222.50",2706.90,36,14900,-,-
527,Chemours,4969.00,-0.101,219,-,"7,082",4610.60,-16,6500,-,-
528,Tapestry,4961.40,-0.177,-652.1,-2.014,"7,924.20",11449.70,-43,14850,-,-
529,UWM Holdings,4938.60,2.863,"3,382.50",7.15,"11,493.50",12729.00,-,7500,-,-
530,Silgan Holdings,4921.90,0.096,308.7,0.593,"6,511.60",4625.70,65,15610,-,-
531,Petco Health and Wellness,4920.20,0.11,-26.5,-,"6,075.70",6692.40,-,27081,-,-
532,Evergy,4913.40,-0.046,618.3,-0.077,"27,114.80",13512.90,7,5133,-,-
533,Ingersoll Rand,4910.20,1.003,-33.3,-1.209,"16,058.60",20607.40,348,15900,-,-
534,Sealed Air,4903.20,0.023,502.9,0.912,"6,083.80",7098.40,30,16500,-,-
535,Church & Dwight,4895.80,0.123,785.9,0.276,"7,414.50",21408.40,76,5100,-,-
536,OneMain Holdings,4894.00,0.031,730,-0.146,"22,471",7217.20,34,8300,-,-
537,CME Group,4883.60,0.003,"2,105.20",-0.005,"124,659.60",73330.00,21,4370,-,-
538,Xylem,4876.00,-0.071,254,-0.367,"8,750",18932.70,-8,16150,-,-
539,Vulcan Materials,4856.80,-0.015,584.5,-0.054,"11,686.90",22387.00,12,8847,-,-
540,TravelCenters of America,4846.00,-0.208,-13.9,-1.417,"3,443.90",395.30,-60,16374,-,-
541,Western Union,4835.00,-0.086,744.3,-0.297,"9,496.30",10133.30,-13,11000,-,-
542,Hanover Insurance Group,4827.30,-0.014,358.7,-0.156,"13,443.70",4709.80,12,4300,-,-
543,Hess,4804.00,-0.262,"-3,093",-,"18,821",21722.40,-82,1621,-,-
544,Globe Life,4737.90,0.046,731.8,-0.038,"29,046.70",11203.50,48,3261,-,-
545,Rush Enterprises,4735.90,-0.185,114.9,-0.189,"2,985.40",2685.60,-53,6307,-,-
546,Martin Marietta Materials,4729.90,-0.002,721,0.178,"10,580.80",20917.10,26,8700,-,-
547,American Axle & Manufacturing,4710.80,-0.279,-561.3,-,"5,916.30",1100.40,-87,20000,-,-
548,Windstream Holdings II,4688.90,-0.083,-,-,"9,421.10",-,-5,11945,-,-
549,NiSource,4681.70,-0.101,-17.6,-1.046,"22,040.50",9447.70,-16,7345,-,-
550,PPD,4681.50,0.161,153.7,2.214,"6,293.80",13260.20,91,26000,-,-
551,Knight-Swift Transportation Holdings,4673.90,-0.035,410,0.326,"8,468",7966.10,9,22800,-,-
552,SS&C Technologies Holdings,4667.90,0.008,625.2,0.426,"15,923.60",18005.20,28,24600,-,-
553,Domtar,4647.00,-0.11,-127,-2.512,"4,856",1856.20,-21,6600,-,-
554,Encompass Health,4644.40,0.009,284.2,-0.208,"6,445.90",8129.90,29,35536,-,-
555,FMC,4642.10,-0.004,551.5,0.155,"10,186.40",14325.00,23,6400,-,-
556,Fortive,4634.40,-0.367,"1,613.30",1.183,"16,051.50",23881.50,-134,17000,-,-
557,Cornerstone Building Brands,4617.40,-0.056,-482.8,-,"5,478.50",1757.40,-1,20230,-,-
558,Skechers U.S.A.,4613.40,-0.12,98.6,-0.716,"5,812.40",6579.60,-27,8800,-,-
559,Ingles Markets,4610.60,0.097,178.6,1.189,"1,899.30",1245.30,64,18765,-,-
560,Simon Property Group,4607.50,-0.199,"1,112.60",-0.471,"34,786.80",37338.10,-63,2850,-,-
561,Welltower,4606.00,-0.101,978.8,-0.206,"32,483.60",29897.10,-19,423,-,-
562,Monster Beverage,4598.60,0.095,"1,409.60",0.272,"6,202.70",48108.00,62,3340,-,-
563,Mattel,4583.70,0.018,126.6,-,"5,521.10",6935.50,30,32100,-,-
564,TreeHouse Foods,4570.50,-0.072,13.8,-,"5,485.70",2921.20,-12,10900,-,-
565,Schneider National,4552.80,-0.041,211.7,0.44,"3,516.20",4461.00,6,15225,-,-
566,Ametek,4540.00,-0.12,872.4,0.013,"10,357.50",29480.10,-28,16500,-,-
567,PennyMac Financial Services,4536.00,0.995,"1,646.90",3.191,"31,597.80",4630.40,-,6632,-,-
568,Broadridge Financial Solutions,4529.00,0.038,462.5,-0.041,"4,889.80",17728.80,42,12000,-,-
569,Alliance Data Systems,4521.40,-0.313,213.7,-0.231,"22,547.10",5570.30,-113,8000,-,-
570,ServiceNow,4519.50,0.306,118.5,-0.811,"8,715.10",98071.60,133,13096,-,-
571,Kelly Services,4516.00,-0.157,-72,-1.641,"2,561.90",875.40,-50,7100,-,-
572,Greif,4515.00,-0.017,108.8,-0.364,"5,510.90",2771.70,12,16000,-,-
573,Yellow,4513.70,-0.073,-53.5,-,"2,185.80",449.90,-16,30000,-,-
574,First Republic Bank,4506.90,0.084,"1,064.20",0.144,"142,502.10",29390.00,53,5483,-,-
575,Perspecta,4504.00,-,-676,-,"5,405",4679.10,-,14000,-,-
576,Nexstar Media Group,4501.30,0.481,811.4,2.524,"13,404.30",6092.50,199,11749,-,-
577,Meritage Homes,4501.20,0.228,423.5,0.696,"3,864.40",3448.10,96,1570,-,-
578,Under Armour,4474.70,-0.15,-549.2,-6.96,"5,030.60",9161.90,-49,11800,-,-
579,Warner Music Group,4463.00,-0.003,-475,-2.855,"6,410",17657.70,19,5500,-,-
580,Levi Strauss,4452.60,-0.227,-127.1,-1.322,"5,641.20",9559.80,-85,14800,-,-
581,Zebra Technologies,4448.00,-0.008,504,-0.074,"5,375",25941.30,15,8800,-,-
582,Juniper Networks,4445.10,-,257.8,-0.253,"9,378.30",8285.10,19,9950,-,-
583,loanDepot,4443.60,2.028,"2,013.10",57.487,"10,893.20",6089.10,-,11763,-,-
584,Prologis,4438.70,0.333,"1,481.80",-0.058,"56,065",78412.90,143,1945,-,-
585,Dillard's,4433.20,-0.301,-71.7,-1.645,"3,092.50",2123.70,-117,24000,-,-
586,Syneos Health,4415.80,-0.056,192.8,0.469,"8,063.30",7905.10,-9,24386,-,-
587,Lululemon Athletica,4401.90,0.106,588.9,-0.088,"4,185.20",39985.10,-,25000,-,-
588,Flowers Foods,4388.00,0.064,152.3,-0.074,"3,323",5038.50,43,9200,-,-
589,Edwards Lifesciences,4386.30,0.009,823.4,-0.213,"7,237.10",52027.10,24,14900,-,-
590,Vertiv Holdings,4370.60,-0.014,-183.6,-,"5,073.80",7028.80,13,20972,-,-
591,Intuitive Surgical,4358.40,-0.027,"1,060.60",-0.231,"11,168.90",87474.30,6,8081,-,-
592,Brunswick,4347.50,-0.046,372.7,-,"3,770.60",7436.20,-2,14382,-,-
593,Covetrus,4339.00,-,-19,-,"3,496",4084.10,-,5466,-,-
594,Workday,4318.00,0.19,-282.4,-,"8,718.40",60368.50,82,12500,-,-
595,APA,4308.00,-0.328,"-4,860",-,"12,746",6765.60,-130,2272,-,-
596,Hilton Worldwide Holdings,4307.00,-0.544,-715,-1.812,"16,755",33568.30,-258,141000,-,-
597,Insperity,4287.00,-0.006,138.2,-0.085,"1,584.30",3199.90,18,3600,-,-
598,Leggett & Platt,4280.20,-0.099,247.6,-0.258,"4,754",6070.90,-29,20400,-,-
599,Carlisle,4245.20,-0.118,320.1,-0.323,"5,866.40",8670.00,-36,12500,-,-
600,JELD-WEN Holding,4235.70,-0.013,91.6,0.454,"3,964.70",2770.00,18,23000,-,-
601,Keysight Technologies,4221.00,-0.019,627,0.01,"7,218",26684.50,16,13900,-,-
602,Hubbell,4186.00,-0.088,351.2,-0.124,"5,085.10",10151.30,-16,19100,-,-
603,KB Home,4183.20,-0.081,296.2,0.102,"5,356.40",4268.00,-12,1776,-,-
604,Conduent,4163.00,-0.068,-118,-,"4,256",1412.90,-5,63000,-,-
605,Iron Mountain,4147.30,-0.027,342.7,0.282,"14,149.30",10674.50,14,24000,-,-
606,Landstar System,4136.40,0.011,192.1,-0.156,"1,653.80",6339.70,29,1320,-,-
607,Scotts Miracle-Gro,4131.60,0.309,387.4,-0.159,"3,380.50",13645.60,146,6866,-,-
608,Equifax,4127.50,0.177,520.1,-,"9,611.80",22174.50,84,11400,-,-
609,CF Industries Holdings,4124.10,-0.102,317,-0.357,"12,022.80",9732.10,-22,3038,-,-
610,Domino's Pizza,4117.40,0.138,491.3,0.226,"1,567.20",14270.40,69,10650,-,-
611,Weis Markets,4112.60,0.161,118.9,0.749,"1,820.40",1520.30,75,24000,-,-
612,Gartner,4099.40,-0.034,266.7,0.143,"7,316",16196.10,9,15600,-,-
613,SVB Financial Group,4081.80,0.156,"1,208.40",0.063,"115,511",26602.60,75,4461,-,-
614,Harley-Davidson,4054.40,-0.244,1.3,-0.997,"12,010.60",6147.90,-95,5150,-,-
615,CUNA Mutual Group,4049.30,-0.018,145.5,-0.338,"28,490.90",-,17,3600,-,-
616,Mahwah Bergen Retail Group,4044.70,-0.352,"-1,141.80",-,"2,334.10",-,-143,22000,-,-
617,Paychex,4040.50,0.071,"1,098.10",0.062,"8,550.70",35349.10,45,15700,-,-
618,TriNet Group,4034.00,0.046,272,0.283,"3,043",5144.60,39,2700,-,-
619,Old Dominion Freight Line,4015.10,-0.023,672.7,0.093,"4,369.40",28112.90,15,19779,-,-
620,Amerco,3978.90,0.056,442,0.192,"13,438",12011.70,43,22200,-,-
621,Spectrum Brands Holdings,3964.20,-0.042,97.8,-0.802,"5,107.30",3622.90,8,12100,-,-
622,ASGN,3950.60,0.007,200.3,0.147,"3,278",5058.30,30,4200,-,-
623,Snap-on,3942.20,-0.031,627,-0.096,"6,557.30",12561.00,14,12300,-,-
624,Pool,3936.60,0.23,366.7,0.402,"1,739.70",13863.50,123,4750,-,-
625,Parsons,3918.90,-0.009,98.5,-0.182,"3,937.70",4139.50,23,15500,-,-
626,Genesis Healthcare,3906.20,-0.144,-59,-5.033,"4,062.20",47.30,-37,44000,-,-
627,Digital Realty Trust,3903.60,0.216,356.4,-0.385,"36,076.30",39593.10,119,2878,-,-
628,Diebold Nixdorf,3902.30,-0.115,-269.1,-,"3,657.40",1104.70,-21,22000,-,-
629,MDC Holdings,3901.20,0.185,367.6,0.542,"3,864.90",4160.30,104,1773,-,-
630,EnLink Midstream,3893.80,-0.357,-421.5,-,"8,550.90",2102.30,-147,1069,-,-
631,NortonLifeLock,3858.00,-0.185,"3,887",124.387,"7,735",12371.20,-58,3600,-,-
632,CNO Financial Group,3821.10,-0.048,301.8,-0.263,"35,339.90",3245.40,11,3400,-,-
633,Stifel Financial,3817.80,0.086,503.5,0.123,"26,604.30",6724.60,57,8500,-,-
634,Ventas,3795.40,-0.02,439.1,0.014,"23,929.40",19984.30,21,448,-,-
635,Lamb Weston Holdings,3792.40,0.01,365.9,-0.235,"4,662.30",11339.60,30,7700,-,-
636,American National Group,3792.40,-0.068,467.5,-0.246,"29,467.80",2900.30,-,4600,-,-
637,Autodesk,3790.40,0.158,"1,208.20",4.633,"7,279.80",60860.00,100,11500,-,-
638,Mercury General,3784.50,-0.047,374.6,0.17,"6,328.20",3367.10,8,4300,-,-
639,PerkinElmer,3782.70,0.312,727.9,2.199,"7,960.30",14376.40,170,14000,-,-
640,American Water Works,3777.00,0.046,709,0.142,"24,766",27205.60,42,7000,-,-
641,Hologic,3776.40,0.121,"1,115.20",-,"7,195.80",19164.90,77,5814,-,-
642,American Eagle Outfitters,3759.10,-0.127,-209.3,-2.094,"3,434.80",4874.30,-26,21750,-,-
643,Flowserve,3728.10,-0.054,116.3,-0.513,"5,314.70",5056.00,7,16000,-,-
644,Navient,3728.00,-0.326,412,-0.31,"87,412",2629.80,-134,6485,-,-
645,Steelcase,3723.70,0.081,199.7,0.585,"2,565.40",1653.50,61,13350,-,-
646,Compass,3720.80,0.559,-270.2,-,"1,365.10",-,-,2702,-,-
647,Twitter,3716.30,0.074,"-1,135.60",-1.775,"13,379.10",50786.40,57,5500,-,-
648,Triple-S Management,3702.40,0.097,67.2,-0.277,"3,088.40",616.40,68,3911,-,-
649,Penn Mutual Life Insurance,3700.20,-0.001,287,-0.275,"40,003.50",-,18,3162,-,-
650,Brink's,3690.90,0.002,16,-0.448,"5,135.60",3939.50,19,75100,-,-
651,Synopsys,3685.30,0.097,664.3,0.248,"8,030.10",37755.00,72,15036,-,-
652,Tempur Sealy International,3676.90,0.184,348.8,0.841,"3,308.60",7376.60,111,9000,-,-
653,Lennox International,3634.10,-0.045,356.3,-0.128,"2,032.50",11757.40,7,10300,-,-
654,Las Vegas Sands,3612.00,-0.737,"-1,685",-1.625,"20,807",46412.40,-419,46000,-,-
655,ScanSource,3609.20,-0.068,-192.7,-4.345,"1,692.10",762.30,-1,2200,-,-
656,APi Group,3587.00,-,-153,-,"4,065",4149.50,-,13000,-,-
657,Pinnacle West Capital,3587.00,0.033,550.6,0.023,"20,020.40",9167.50,44,6026,-,-
658,Sentry Insurance Group,3585.30,-0.026,201.8,-0.378,"21,631.50",-,12,4150,-,-
659,Penn National Gaming,3578.70,-0.325,-669.5,-16.251,"14,667.30",16406.00,-132,18321,-,-
660,Darling Ingredients,3571.90,0.062,296.8,-0.05,"5,613.30",12004.70,60,10000,-,-
661,Alaska Air Group,3566.00,-0.594,"-1,324",-2.722,"14,046",8608.90,-301,20677,-,-
662,Sanderson Farms,3564.30,0.036,28.3,-0.469,"1,849",3478.60,45,17445,-,-
663,Granite Construction,3562.50,0.034,-145.1,-,"2,380",1843.00,49,4100,-,-
664,Pitney Bowes,3554.10,0.022,-181.5,-1.933,"5,220.10",1431.00,35,11500,-,-
665,Brookdale Senior Living,3540.20,-0.127,82,-,"6,901.80",1109.90,-27,38250,-,-
666,Ciena,3532.20,-0.011,361.3,0.426,"4,180.90",8481.80,18,7032,-,-
667,Medical Mutual of Ohio,3524.20,0.006,100.4,0.2,"2,611.60",-,28,2873,-,-
668,Sally Beauty Holdings,3514.30,-0.093,113.2,-0.583,"2,895.10",2271.00,-15,30000,-,-
669,Timken,3513.20,-0.073,284.5,-0.214,"5,041.60",6165.90,-8,17430,-,-
670,Service Corp. International,3511.50,0.087,515.9,0.396,"14,515.40",8646.40,72,20319,-,-
671,Hub Group,3495.60,-0.047,73.6,-0.314,"2,105.40",2316.70,1,5000,-,-
672,Antero Resources,3491.70,-0.208,"-1,267.90",-,"13,150.80",3072.10,-64,522,-,-
673,Primoris Services,3491.50,0.124,105,0.275,"1,969.60",1779.90,89,10414,-,-
674,Endeavor Group Holdings,3478.70,-0.239,-654.9,-,"9,633.60",-,-,6400,-,-
675,Caesars Entertainment,3474.00,0.374,"-1,757",-22.691,"36,385",18213.90,193,21000,-,-
676,Ryerson Holding,3466.60,-0.23,-65.8,-1.799,"1,802.10",649.50,-82,3900,-,-
677,Maximus,3461.50,0.199,214.5,-0.109,"2,024.70",5471.70,131,34300,-,-
678,Urban Outfitters,3449.70,-0.134,1.2,-0.993,"3,546.30",3637.80,-34,14250,-,-
679,Cboe Global Markets,3427.10,0.373,468.2,0.249,"6,516.50",10580.60,193,1010,-,-
680,Alliant Energy,3416.00,-0.064,614,0.102,"17,710",13533.60,-5,3375,-,-
681,ARKO,3409.40,-0.06,13.2,-,"2,739.80",1236.80,-,10380,-,-
682,Palo Alto Networks,3408.40,0.175,-267,-,"9,065.40",31318.00,122,8014,-,-
683,Gannett,3405.70,0.823,-670.5,-,"3,108.90",748.00,-,20800,-,-
684,Spirit AeroSystems Holdings,3404.80,-0.567,-870.3,-2.642,"8,383.90",5129.70,-278,14500,-,-
685,Plexus,3390.40,0.071,117.5,0.082,"2,289.80",2646.70,65,19500,-,-
686,First Horizon,3390.00,0.488,845,0.917,"84,209",9362.60,241,8358,-,-
687,Toro,3378.80,0.077,329.7,0.203,"2,853.20",11099.90,69,10385,-,-
688,Airbnb,3378.20,-0.297,"-4,584.70",-,"10,491.50",114349.20,-,5597,-,-
689,Brown-Forman,3363.00,0.012,827,-0.01,"5,766",32119.30,41,4800,-,-
690,Skyworks Solutions,3355.70,-0.006,814.8,-0.045,"5,106.70",30290.40,24,10000,-,-
691,Dentsply Sirona,3342.00,-0.171,-83,-1.316,"9,342",13977.50,-49,15000,-,-
692,Zillow Group,3339.80,0.218,-162.1,-,"7,486.60",31310.90,140,5504,-,-
693,Super Micro Computer,3339.30,-0.046,84.3,0.172,"1,918.60",1975.50,4,3987,-,-
694,PriceSmart,3329.20,0.033,78.1,0.067,"1,656.80",2973.90,50,9500,-,-
695,Puget Energy,3326.50,-0.022,182.7,-0.133,"15,043",-,15,3150,-,-
696,Acuity Brands,3326.30,-0.094,248.3,-0.248,"3,491.70",5891.40,-25,11500,-,-
697,GoDaddy,3316.70,0.11,-495.1,-4.614,"6,432.90",13201.30,90,6621,-,-
698,Southwest Gas Holdings,3298.90,0.057,232.3,0.086,"8,735.90",3935.90,59,11149,-,-
699,Elanco Animal Health,3273.30,0.066,-560.1,-9.249,"17,692.70",13924.00,69,10200,-,-
700,Tri Pointe Homes,3260.40,0.058,282.2,0.362,"4,022",2430.30,66,1163,-,-
701,Applied Industrial Technologies,3245.70,-0.065,24,-0.833,"2,283.60",3540.30,-1,6200,-,-
702,Avient,3242.10,-0.033,131.6,-0.776,"4,870.50",4315.50,22,8400,-,-
703,GMS,3241.30,0.04,23.4,-0.582,"2,288.80",1788.80,55,5611,-,-
704,Virtu Financial,3239.30,1.117,649.2,-,"9,965.80",5974.40,-,976,-,-
705,Qorvo,3239.10,0.048,334.3,1.511,"6,560.70",20693.10,60,7900,-,-
706,Illumina,3239.00,-0.086,656,-0.345,"7,585",56034.40,-19,8575,-,-
707,Citrix Systems,3236.70,0.075,504.4,-0.26,"4,890.30",17259.20,72,9000,-,-
708,Atlas Air Worldwide Holdings,3211.10,0.172,360.3,-,"6,029.20",1740.50,125,4061,-,-
709,Acadia Healthcare,3209.70,0.033,-672.1,-7.171,"6,499.40",5109.00,51,35400,-,-
710,Dycom Industries,3199.20,-0.042,34.3,-0.4,"1,944.20",2842.70,15,14276,-,-
711,Akamai Technologies,3198.10,0.105,557.1,0.165,"7,764.10",16632.10,95,8368,-,-
712,MSC Industrial Direct,3192.40,-0.051,251.1,-0.131,"2,382.40",5033.90,9,6315,-,-
713,PRA Health Sciences,3183.40,0.038,197,-0.189,"4,178.50",9896.50,56,18100,-,-
714,Bloomin' Brands,3170.60,-0.234,-158.7,-2.216,"3,362.10",2403.50,-86,77000,-,-
715,Varian Medical Systems,3168.20,-0.018,269.2,-0.078,"4,462.20",16212.30,28,10613,-,-
716,Xilinx,3162.70,0.034,792.7,-0.109,"4,693.30",30450.50,56,4891,-,-
717,Century Communities,3161.20,0.247,206.2,0.824,"2,845.10",2033.30,150,1403,-,-
718,Advantage Solutions,3155.70,-0.166,-162.4,-,"5,777.50",3760.90,-,40000,-,-
719,CIT Group,3150.40,-0.044,-615.3,-2.161,"58,106.60",5084.40,13,4306,-,-
720,Trimble,3147.70,-0.036,389.9,-0.242,"6,876.90",19551.90,18,11402,-,-
721,Clean Harbors,3144.10,-0.079,134.8,0.38,"4,131.50",4606.20,-12,13500,-,-
722,Grocery Outlet Holding,3134.60,0.225,106.7,5.921,"2,485.60",3513.80,143,860,-,-
723,Albemarle,3128.90,-0.128,375.8,-0.295,"10,450.90",17053.70,-40,5900,-,-
724,Abercrombie & Fitch,3125.40,-0.137,-114,-3.897,"3,314.90",2131.10,-46,20550,-,-
725,Par Pacific Holdings,3124.90,-0.421,-409.1,-11.024,"2,133.90",843.70,-209,1403,-,-
726,Teradyne,3121.50,0.36,784.1,0.677,"3,652.30",20267.60,195,5500,-,-
727,BlueLinx Holdings,3097.30,0.174,80.9,-,"1,048.10",371.10,125,2100,-,-
728,Catalent,3094.30,0.229,220.7,0.606,"7,776.50",17926.60,141,13900,-,-
729,Comerica,3094.00,-0.189,474,-0.604,"88,129",10007.10,-70,7681,-,-
730,Take-Two Interactive Software,3089.00,0.158,404.5,0.212,"4,948.80",20351.90,115,5800,-,-
731,EnerSys,3087.90,0.1,137.1,-0.144,"3,301.70",3876.00,93,11400,-,-
732,Teledyne Technologies,3086.20,-0.024,401.9,-0.001,"5,084.80",15314.30,19,10670,-,-
733,Marathon Oil,3086.00,-0.405,"-1,451",-4.023,"17,956",8427.30,-199,1672,-,-
734,Mettler-Toledo International,3085.20,0.025,602.7,0.074,"2,814.50",26951.70,46,15700,-,-
735,Terex,3082.40,-0.341,-10.6,-1.195,"3,031.80",3212.30,-159,8200,-,-
736,Brinker International,3078.50,-0.043,24.4,-0.842,"2,356",3230.40,9,62200,-,-
737,Colfax,3070.80,-0.29,42.6,-,"7,351.50",5896.70,-123,15400,-,-
738,Worthington Industries,3059.10,-0.186,78.8,-0.487,"2,331.50",3476.10,-74,9000,-,-
739,EQT,3058.80,-0.307,-967.2,-,"18,113.50",5181.10,-134,624,-,-
740,IAC/InterActiveCorp,3047.70,-,269.7,-,"9,135.40",19201.20,-,8200,-,-
741,M/I Homes,3046.10,0.218,239.9,0.88,"2,643",1719.50,130,1515,-,-
742,Meritor,3044.00,-0.306,245,-0.158,"2,884",2134.00,-133,8600,-,-
743,Garrett Motion,3034.00,-0.066,80,-0.744,"3,017",393.50,-4,7450,-,-
744,Option Care Health,3032.60,0.313,-8.1,-,"2,647.40",3189.90,174,5499,-,-
745,Carter's,3024.30,-0.141,109.7,-0.584,"3,392.60",3908.50,-56,18000,-,-
746,Quad/Graphics,3009.00,-0.273,-128.3,-,"1,927.70",194.90,-116,15800,-,-
747,Hexion,3003.00,-0.11,-230,-,"4,002",-,-30,2600,-,-
748,Tetra Tech,2994.90,-0.036,173.9,0.096,"2,378.60",7359.90,13,20000,-,-
749,Allegheny Technologies,2982.10,-0.277,"-1,572.60",-7.105,"4,034.90",2671.00,-116,6500,-,-
750,Meredith,2960.70,-0.18,-234.3,-6.06,"5,510.10",1359.00,-69,5330,-,-
751,ResMed,2957.00,0.134,621.7,0.537,"4,587.40",28231.70,107,7770,-,-
752,JetBlue Airways,2957.00,-0.635,"-1,354",-3.38,"13,406",6440.40,-358,18485,-,-
753,iHeartMedia,2948.20,-0.2,"-1,914.70",-,"9,203",2584.60,-85,9588,-,-
754,Zions Bancorp.,2942.00,-0.093,539,-0.339,"81,479",8993.30,-14,9678,-,-
755,ArcBest,2940.20,-0.016,71.1,0.778,"1,779",1787.10,31,13000,-,-
756,TEGNA,2937.80,0.278,482.8,0.687,"6,848.70",4154.40,164,6430,-,-
757,Crane,2936.90,-0.105,181,0.358,"4,588.90",5474.90,-22,11000,-,-
758,Carlyle Group,2934.60,-0.131,348.2,-0.086,"15,644.80",13020.20,-45,1825,-,-
759,AptarGroup,2929.30,0.024,214,-0.116,"3,990.10",9352.00,53,13000,-,-
760,Charles River Laboratories International,2923.90,0.115,364.3,0.446,"5,490.80",14552.40,95,18400,-,-
761,Selective Insurance Group,2922.30,0.027,246.4,-0.093,"9,687.90",4354.10,53,2400,-,-
762,Public Storage,2915.10,0.024,"1,357.20",-0.107,"11,816.50",43131.10,51,5400,-,-
763,Regal Rexnord,2907.00,-0.102,189.3,-0.208,"4,589",5796.20,-22,23000,-,-
764,McAfee,2906.00,0.103,-118,-,"5,428",9764.50,-,6916,-,-
765,Triumph Group,2900.10,-0.138,-28.1,-,"2,980.30",1010.50,-46,9989,-,-
766,Valmont Industries,2895.40,0.046,140.7,-0.085,"2,953.20",5053.70,61,10844,-,-
767,A.O. Smith,2895.30,-0.033,344.9,-0.068,"3,160.70",10932.70,18,13900,-,-
768,Graham Holdings,2889.10,-0.015,300.4,-0.084,"6,444.10",2813.10,27,16661,-,-
769,Marriott Vacations Worldwide,2886.00,-0.337,-275,-2.993,"8,898",7183.20,-157,18000,-,-
769,DoorDash,2886.00,2.261,-461,-,"6,353",42153.50,-,3886,-,-
771,Moog,2884.60,-0.007,9.2,-0.949,"3,225.80",2664.80,29,12623,-,-
772,Peabody Energy,2881.10,-0.377,"-1,870.30",-,"4,667.10",300.90,-190,4600,-,-
773,Hill-Rom Holdings,2881.00,-0.009,223,0.465,"4,671.10",7331.70,26,10000,-,-
774,Avaya Holdings,2873.00,-0.005,-680,-,"6,231",2351.80,33,8266,-,-
775,Energizer Holdings,2860.60,0.048,-93.3,-2.826,"5,728.30",3244.70,59,5900,-,-
776,Comfort Systems USA,2856.70,0.092,150.1,0.313,"1,757.40",2705.60,80,11100,-,-
777,RH,2848.60,0.076,271.8,0.233,"2,898.30",12526.70,73,4750,-,-
778,Atmos Energy,2821.10,-0.028,601.4,0.176,"15,359",12668.70,24,4694,-,-
779,AMC Networks,2815.00,-0.08,240,-0.369,"5,246.30",2204.00,-8,2180,-,-
780,Rent-A-Center,2814.20,0.054,208.1,0.199,"1,751",3137.50,64,14320,-,-
781,Diamondback Energy,2813.00,-0.29,"-4,517",-19.821,"17,619",13288.70,-134,732,-,-
782,Hyster-Yale Materials Handling,2812.10,-0.146,37.1,0.036,"1,859.50",1464.70,-48,7600,-,-
783,Resolute Forest Products,2800.00,-0.042,10,-,"3,730",884.90,13,7100,-,-
784,LCI Industries,2796.20,0.179,158.4,0.081,"2,298",3328.00,116,12400,-,-
785,Greenbrier,2792.20,-0.08,49,-0.311,"3,173.80",1550.00,-8,10600,-,-
786,H.B. Fuller,2790.30,-0.037,123.7,-0.054,"4,036.70",3286.90,19,6428,-,-
787,Louisiana-Pacific,2788.00,0.207,499,-,"2,086",5909.00,132,4500,-,-
788,Verisk Analytics,2784.60,0.068,712.7,0.584,"7,561.80",28763.60,69,8960,-,-
789,Western Midstream Partners,2772.60,0.01,527,-0.244,"11,830",7678.80,-,1045,-,-
790,Boston Properties,2765.70,-0.066,872.7,0.673,"22,858.20",15776.90,-1,750,-,-
791,Joann,2762.30,0.233,212.3,-,"2,337.30",409.80,-,27500,-,-
792,Mr. Cooper Group,2733.00,0.362,305,0.113,"24,165",3150.00,204,9800,-,-
793,Amica Mutual Insurance,2728.00,-0.029,183.7,0.06,"6,774.40",-,30,3832,-,-
794,Scientific Games,2724.00,-0.199,-569,-,"7,984",3674.40,-83,9000,-,-
795,TopBuild,2718.00,0.036,247,0.293,"2,815.30",6925.40,59,10540,-,-
796,TransUnion,2716.60,0.023,343.2,-0.011,"7,311.60",17214.50,51,8200,-,-
797,PAE,2714.60,-0.018,15.3,-,"1,829.40",839.50,31,20000,-,-
798,First Solar,2711.30,-0.115,398.4,-,"7,108.90",9252.60,-28,5100,-,-
799,Rackspace Technology,2707.10,0.11,-245.8,-,"6,377.80",4887.30,-,7200,-,-
800,IDEXX Laboratories,2706.70,0.125,581.8,0.36,"2,294.60",41899.50,87,9300,-,-
801,Vontier,2704.60,-,342,-,"3,073",5101.90,-,8400,-,-
802,SiteOne Landscape Supply,2704.50,0.147,121.3,0.561,"1,695.70",7579.50,102,4680,-,-
803,Laureate Education,2699.50,-0.281,-613.3,-1.654,"4,970.90",2703.90,-137,30000,-,-
804,Central Garden & Pet,2695.50,0.131,120.7,0.301,"2,339.40",2937.00,92,5950,-,-
805,Cadence Design Systems,2682.90,0.148,590.6,-0.403,"3,950.80",38229.90,105,8746,-,-
806,Stericycle,2675.50,-0.191,-57.3,-,"5,581.90",6184.50,-75,15290,-,-
807,Incyte,2666.70,0.235,-295.7,-1.662,"3,560.90",17866.70,146,1773,-,-
808,EPAM Systems,2659.50,0.159,327.2,0.253,"2,721.30",22285.80,115,41168,-,-
809,Lincoln Electric Holdings,2655.40,-0.116,206.1,-0.297,"2,314.50",7334.60,-26,10700,-,-
810,Zoom Video Communications,2651.40,3.258,672.3,25.569,"5,298",94367.70,-,4422,-,-
811,H&R Block,2639.70,-0.147,-7.5,-1.018,"5,112",3955.20,-47,42000,-,-
812,Kansas City Southern,2632.60,-0.081,617,0.145,"9,964",24000.00,-1,6522,-,-
813,Cabot,2614.00,-0.217,-238,-2.516,"2,781",2969.00,-87,4500,-,-
814,Brown & Brown,2613.40,0.092,480.5,0.206,"8,966.50",12958.20,79,10843,-,-
815,Popular,2603.90,-0.08,506.6,-0.245,"65,926",5933.50,5,8522,-,-
816,Fortinet,2594.40,0.199,488.5,0.473,"4,044.50",30095.70,138,8238,-,-
817,PC Connection,2590.30,-0.081,55.8,-0.321,"1,015.40",1214.30,5,2598,-,-
818,Continental Resources,2586.50,-0.442,-596.9,-1.77,"14,633.10",9447.60,-237,1201,-,-
819,Opendoor Technologies,2583.10,-0.455,-286.8,-,"2,175.60",12231.50,-,1048,-,-
820,Nu Skin Enterprises,2581.90,0.067,191.4,0.103,"1,957.10",2689.20,64,26000,-,-
821,Donaldson,2581.80,-0.092,257,-0.038,"2,244.60",7335.30,-5,12400,-,-
822,Hawaiian Electric Industries,2579.80,-0.103,197.8,-0.092,"15,004",4855.40,-12,3702,-,-
823,NLV Financial,2573.40,-0.072,193.6,-0.134,"40,351.70",-,3,1155,-,-
824,Equity Residential,2571.70,-0.048,913.6,-0.058,"20,286.90",26693.90,14,2600,-,-
825,Mednax,2564.80,-0.27,-796.5,-,"3,347.90",2195.40,-134,7900,-,-
826,MRC Global,2560.00,-0.301,-274,-8.026,"1,781",746.60,-152,2600,-,-
827,Overstock.com,2549.80,0.747,56,-,830.2,3151.30,-,1750,-,-
828,Visteon,2548.00,-0.135,-56,-1.8,"2,271",3404.30,-34,10000,-,-
829,Bio-Rad Laboratories,2545.60,0.101,"3,806.30",1.164,"12,972.60",17046.30,88,8000,-,-
830,Univision Communications,2541.90,-0.06,-23.8,-1.083,"9,288.10",-,7,4500,-,-
831,ContextLogic,2541.00,0.337,-745,-,"2,397",9764.40,-,875,-,-
832,Teleflex,2537.20,-0.022,335.3,-0.273,"7,152.60",19421.80,27,14000,-,-
833,Cracker Barrel Old Country Store,2522.80,-0.179,-32.5,-1.145,"2,544.30",4101.60,-66,55000,-,-
834,Cooper Tire & Rubber,2521.10,-0.084,142.8,0.481,"2,971.60",2826.20,-4,9839,-,-
835,ManTech International,2518.40,0.133,120.5,0.058,"2,213.70",3521.70,102,9400,-,-
836,Hillenbrand,2517.00,0.393,-60.1,-1.495,"3,987.40",3580.80,-,11000,-,-
837,Middleby,2513.30,-0.151,207.3,-0.411,"5,202.50",9222.10,-46,9289,-,-
838,Echo Global Logistics,2511.50,0.149,15.8,0.066,963.9,835.80,113,2593,-,-
839,Snap,2506.60,0.461,-944.8,-,"5,024.20",78869.20,-,3863,-,-
840,Vishay Intertechnology,2501.90,-0.062,122.9,-0.25,"3,154.50",3485.10,6,21600,-,-
841,Columbia Sportswear,2501.60,-0.178,108,-0.673,"2,836.60",7012.40,-67,7275,-,-
842,Woodward,2495.70,-0.139,240.4,-0.074,"3,903.30",7605.00,-39,7248,-,-
843,MillerKnoll,2486.60,-0.031,-9.1,-1.057,"2,053.90",2427.00,21,7600,-,-
844,Patrick Industries,2486.60,0.064,97.1,0.084,"1,753.40",2001.20,65,8700,-,-
845,Generac Holdings,2485.20,0.127,350.6,0.391,"3,235.40",20584.00,101,6625,-,-
846,PROG Holdings,2484.60,-0.371,-61.5,-2.953,"1,317.40",2931.90,-197,1868,-,-
847,Euronet Worldwide,2482.70,-0.097,-3.4,-1.01,"4,926.70",7295.70,-16,8100,-,-
848,Interactive Brokers Group,2479.00,-0.039,195,0.211,"95,679",6634.30,14,2033,-,-
849,ITT,2477.80,-0.129,72.5,-0.777,"4,277.60",7863.70,-34,9700,-,-
850,Align Technology,2471.90,0.027,"1,775.90",3.011,"4,829.70",42854.30,38,18070,-,-
851,Enable Midstream Partners,2463.00,-0.168,88,-0.778,"11,729",2822.50,-61,1706,-,-
852,FTI Consulting,2461.30,0.046,210.7,-0.028,"2,777.40",4797.50,54,6321,-,-
853,Cooper,2430.90,-0.084,238.4,-0.489,"6,737.50",18878.40,-5,12000,-,-
854,Country Financial,2429.30,-0.372,284.4,0.7,"15,133.90",-,-198,3346,-,-
855,Magellan Midstream Partners,2427.80,-0.11,817,-0.2,"8,197",9681.50,-20,1720,-,-
856,Floor & Decor Holdings,2425.80,0.186,195,0.294,"2,880.40",9988.20,127,7593,-,-
857,American Equity Investment Life Holding,2424.60,-0.3,671.5,1.729,"71,389.70",3009.00,-155,656,-,-
858,Griffon,2407.50,0.09,53.4,0.433,"2,456",1534.80,86,7400,-,-
859,Ensign Group,2402.60,0.051,170.5,0.542,"2,545.60",5132.60,67,24400,-,-
860,Texas Roadhouse,2398.10,-0.13,31.3,-0.821,"2,325.20",6679.30,-31,32474,-,-
861,Mueller Industries,2398.00,-0.013,139.5,0.382,"1,528.60",2361.70,22,5007,-,-
862,AMN Healthcare Services,2393.70,0.077,70.7,-0.38,"2,353.50",3477.20,77,3000,-,-
863,Curtiss-Wright,2391.30,-0.039,201.4,-0.345,"4,021.30",4853.00,12,8200,-,-
864,Match Group,2391.30,-0.497,128.6,-0.702,"2,977",36951.30,-296,1890,-,-
865,Fleetcor Technologies,2388.90,-0.098,704.2,-0.213,"11,194.60",22408.10,-16,8400,-,-
866,Matson,2383.30,0.082,193.1,1.335,"2,900.60",2897.10,81,4149,-,-
867,Gray Television,2381.00,0.122,410,1.291,"7,643",1748.10,95,7140,-,-
868,II-VI,2380.10,0.747,-67,-1.623,"5,234.70",7167.10,-,22969,-,-
869,Ashland Global Holdings,2377.00,-0.322,-508,-2.006,"6,877",5385.40,-175,4500,-,-
870,Cooper-Standard Holdings,2375.40,-0.236,-267.6,-4.963,"2,611.90",613.70,-111,26550,-,-
871,Werner Enterprises,2372.20,-0.037,169.1,0.013,"2,156.70",3208.00,9,12292,-,-
872,Playtika Holding,2371.50,0.256,92.1,-0.681,"1,776.20",11145.30,-,3800,-,-
873,LGI Homes,2367.90,0.288,323.9,0.813,"1,826.10",3712.40,-,938,-,-
874,Waters,2365.40,-0.017,521.6,-0.119,"2,839.90",17671.30,15,7412,-,-
875,Lyft,2364.70,-0.346,"-1,752.90",-,"4,679",20781.80,-195,4675,-,-
876,Healthpeak Properties,2364.00,0.184,413.6,8.083,"15,920.10",17103.80,122,217,-,-
877,Winnebago Industries,2355.50,0.186,61.4,-0.45,"1,713.70",2577.50,-,5505,-,-
878,Knights of Columbus,2353.30,-0.014,95,-0.359,"27,658.10",-,17,750,-,-
879,SLM,2353.10,-0.011,880.7,0.523,"30,770.40",6535.20,19,1600,-,-
880,Valvoline,2353.00,-0.015,317,0.524,"3,051",4729.70,14,8800,-,-
881,IDEX,2351.60,-0.057,377.8,-0.112,"4,414.40",15891.60,-8,7075,-,-
882,F5 Networks,2350.80,0.048,307.4,-0.281,"4,677.90",12861.60,50,6109,-,-
883,GEO Group,2350.10,-0.052,113,-0.322,"4,460.10",941.30,-5,20000,-,-
884,BrightView Holdings,2346.00,-0.024,-41.6,-1.937,"3,071",1773.80,7,19900,-,-
885,Hovnanian Enterprises,2343.90,0.162,50.9,-,"1,827.30",650.50,106,1697,-,-
886,Sprague Resources,2336.00,-0.333,33.8,0.082,"1,199.40",502.30,-190,765,-,-
887,Summit Materials,2332.50,0.05,138,1.336,"4,308",3216.60,51,6000,-,-
888,MKS Instruments,2330.00,0.226,350.1,1.494,"3,903.80",10245.40,-,5600,-,-
889,Arista Networks,2317.50,-0.039,634.6,-0.262,"4,738.90",23043.70,-3,2613,-,-
890,Alexandria Real Estate Equities,2315.10,0.334,771,1.123,"22,827.90",22458.60,-,470,-,-
891,Synovus Financial,2311.00,-0.04,373.7,-0.337,"54,394.20",6800.50,-1,5134,-,-
892,Viasat,2309.20,0.117,-0.2,-,"4,883.90",3294.20,80,6100,-,-
893,Southwestern Energy,2308.00,-0.24,"-3,112",-4.493,"5,160",3136.20,-117,900,-,-
894,People's United Financial,2307.70,-0.002,219.6,-0.578,"63,091.80",7632.10,22,5814,-,-
895,Hilltop Holdings,2306.90,0.267,447.8,0.988,"16,944.30",2805.10,-,4925,-,-
896,AvalonBay Communities,2301.30,-0.01,827.6,0.053,"19,199.10",25744.20,16,3028,-,-
897,Federated Mutual Insurance,2290.20,0.073,198.2,-0.137,"9,574.50",-,62,2689,-,-
898,Stewart Information Services,2288.40,0.18,154.9,0.97,"1,978.60",1392.00,-,5800,-,-
899,Evercore,2285.30,0.126,350.6,0.179,"3,370.90",5536.10,89,1791,-,-
900,Envista Holdings,2282.00,-,33.3,-,"6,876",6531.40,-,12400,-,-
901,TCF Financial,2281.70,0.112,222.8,-0.246,"47,802.50",7090.00,78,6833,-,-
902,REV Group,2277.60,-0.052,-30.5,-,"1,312.30",1236.20,-10,7060,-,-
903,Calumet Specialty Products Partners,2268.20,-0.343,-149,-,"1,808.30",479.70,-198,1400,-,-
904,Crestwood Equity Partners,2254.30,-0.292,-56.1,-1.197,"5,243.70",2074.60,-156,731,-,-
905,TTM Technologies,2249.30,-0.164,177.5,3.299,"2,895.90",1550.10,-64,16700,-,-
906,MYR Group,2247.40,0.085,58.8,0.559,995.9,1203.20,65,7200,-,-
907,Designer Brands,2234.70,-0.36,-488.7,-6.172,"1,976.60",1259.80,-209,11400,-,-
908,Splunk,2229.40,-0.055,-908,-,"5,868.50",22196.90,-5,6500,-,-
909,Primerica,2217.50,0.08,386.2,0.054,"14,905.30",5826.20,71,2528,-,-
910,Copart,2205.60,0.08,699.9,0.183,"3,455.30",25666.40,74,7600,-,-
911,CDK Global,2195.10,-0.059,207.5,0.673,"2,854.10",6582.10,-,9000,-,-
912,Maxim Integrated Products,2191.40,-0.053,654.7,-0.209,"3,629.30",24490.90,3,7115,-,-
913,Kar Auction Services,2187.70,-0.376,0.5,-0.997,"6,798.20",1945.50,-220,9400,-,-
914,Ohio National Mutual,2181.80,-0.068,-,-,"41,091",-,-6,1082,-,-
915,Carpenter Technology,2181.10,-0.084,1.5,-0.991,"3,227.20",1976.30,-18,4600,-,-
916,Boyd Gaming,2178.50,-0.345,-134.7,-1.855,"6,558.90",6608.30,-188,14284,-,-
917,Unisys,2175.80,-0.262,750.7,-,"2,707.90",1702.60,-124,17200,-,-
918,Seagen,2175.50,1.373,613.7,-,"4,000.90",25176.10,-,2092,-,-
919,Itron,2173.40,-0.132,-58,-2.183,"2,607",4000.00,-49,6451,-,-
920,Kirby,2171.40,-0.235,-272.5,-2.915,"5,924.20",3622.00,-102,5400,-,-
921,Rollins,2161.20,0.072,260.8,0.283,"1,845.90",16939.10,72,15616,-,-
922,Travel + Leisure,2160.00,-0.466,-255,-1.503,"7,613",5255.60,-282,15500,-,-
923,Terminix Global Holdings,2159.00,0.039,551,3.305,"4,837",6285.80,44,11400,-,-
924,Franchise Group,2152.50,7.11,25.1,-,"1,837.70",1447.80,-,6421,-,-
925,West Pharmaceutical Services,2146.90,0.167,346.2,0.432,"2,793.80",20809.50,-,9200,-,-
926,Portland General Electric,2145.00,0.01,155,-0.276,"9,069",4252.20,35,3639,-,-
927,Flagstar Bancorp,2144.00,0.527,538,1.468,"31,038",2375.80,-,5214,-,-
928,Renewable Energy Group,2137.10,-0.191,122.8,-0.677,"1,461.40",2977.40,-77,895,-,-
929,Deckers Outdoor,2132.70,0.056,276.1,0.045,"1,765.10",9307.90,60,3600,-,-
930,SkyWest,2127.10,-0.284,-8.5,-1.025,"6,887.60",2740.60,-142,12502,-,-
931,Beazer Homes USA,2127.10,0.019,52.2,-,"2,007.50",653.60,34,1063,-,-
932,BWX Technologies,2123.50,0.121,278.7,0.142,"2,293.50",6273.60,-,6700,-,-
933,OGE Energy,2122.30,-0.049,-173.7,-1.401,"10,718.80",6472.70,1,2360,-,-
934,Nordson,2121.10,-0.033,249.5,-0.26,"3,674.70",11540.50,15,7555,-,-
935,Caleres,2117.10,-0.275,-439.1,-7.99,"1,867.10",827.30,-138,6650,-,-
936,BOK Financial,2112.90,-0.051,435,-0.131,"46,671.10",6212.10,-,4915,-,-
937,AAR,2112.40,-0.016,4.4,-0.413,"2,079",1471.10,19,5400,-,-
938,Apollo Global Management,2110.90,-0.329,156.6,-0.814,"23,669.10",10904.70,-184,1729,-,-
939,Amedisys,2105.90,0.077,183.6,0.448,"1,567.20",8698.00,-,21000,-,-
940,Wynn Resorts,2095.90,-0.683,"-2,067.20",-17.809,"13,869.50",14497.80,-486,27500,-,-
941,Hain Celestial Group,2084.30,-0.231,-80.4,-,"2,188.50",4356.00,-105,4287,-,-
942,SBA Communications,2083.10,0.034,24.1,-0.836,"9,158",30343.00,52,1483,-,-
943,Allison Transmission Holdings,2081.00,-0.229,299,-0.505,"4,477",4536.90,-104,3300,-,-
944,Chemed,2079.60,0.073,319.5,0.453,"1,434.90",7372.20,-,15544,-,-
945,Aerojet Rocketdyne Holdings,2072.70,0.046,137.7,-0.023,"2,899.90",3758.60,-,4969,-,-
946,Hyatt Hotels,2066.00,-0.588,-703,-1.918,"9,129",8377.50,-400,37000,-,-
947,LHC Group,2063.20,-0.008,111.6,0.166,"2,483.40",6041.20,19,21150,-,-
948,BGC Partners,2056.70,-0.023,48.9,0.028,"3,949.30",1785.20,15,4950,-,-
949,G-III Apparel Group,2055.10,-0.35,23.5,-0.836,"2,436.40",1458.10,-197,3050,-,-
950,Benchmark Electronics,2053.10,-0.095,14.1,-0.4,"1,744.20",1123.20,-20,11234,-,-
951,Affiliated Managers Group,2027.50,-0.095,202.2,11.879,"7,888.90",6352.00,-18,3900,-,-
952,CoreLogic,2016.70,0.144,301.4,5.103,"4,283.20",5830.50,-,5300,-,-
953,Air Lease,2015.40,-0.001,516.3,-0.121,"25,215.20",5590.50,39,120,-,-
954,NewMarket,2010.90,-0.082,270.6,0.064,"1,933.90",4154.40,-4,2105,-,-
955,Trinity Industries,1999.40,-0.335,-147.3,-2.07,"8,701.80",3161.60,-174,6375,-,-
956,Amneal Pharmaceuticals,1992.50,0.225,91.1,-,"4,006",2022.70,-,6000,-,-
957,Americold Realty Trust,1987.70,0.114,24.5,-0.49,"7,831.20",9708.50,-,16300,-,-
958,Bruker,1987.50,-0.041,157.8,-0.2,"3,049",9742.60,10,7400,-,-
959,Cheesecake Factory,1983.20,-0.201,-253.4,-2.99,"2,747.10",2715.40,-83,42500,-,-
960,Zurn Water Solutions,1980.10,-0.038,146.7,-0.262,"3,041.10",5632.60,-8,6570,-,-
961,Korn Ferry,1977.30,0.002,104.9,0.022,"2,743.80",3368.40,-,8198,-,-
962,Modine Manufacturing,1975.50,-0.107,-2.2,-1.026,"1,536.10",759.50,-19,11300,-,-
963,Zynga,1974.80,0.494,-429.4,-11.242,"6,206.50",11057.40,-,2245,-,-
964,Belden,1971.90,-0.209,-55.2,-,"3,139.70",1981.40,-90,6300,-,-
965,Murphy Oil,1971.40,-0.53,"-1,148.80",-1.999,"10,620.90",2532.30,-340,675,-,-
966,Range Resources,1968.70,-0.304,-711.8,-,"6,136.90",2671.00,-145,533,-,-
967,B&G Foods,1967.90,0.185,132,0.728,"3,767.60",2010.40,-,3207,-,-
968,Vail Resorts,1963.70,-0.136,98.8,-0.672,"5,244.20",11741.10,-39,25400,-,-
969,Five Below,1962.10,0.062,123.4,-0.295,"2,314.80",10677.20,-,12050,-,-
970,First Citizens BancShares,1960.80,0.077,491.7,0.075,"49,957.70",8148.20,-,6587,-,-
971,HNI,1955.40,-0.13,41.9,-0.621,"1,418",1698.50,-40,7600,-,-
972,New Jersey Resources,1953.70,-0.246,193.9,0.144,"5,569.80",3837.50,-112,1156,-,-
973,Edgewell Personal Care,1949.70,-0.089,67.6,-,"3,540.90",2149.40,-15,5800,-,-
974,TTEC Holdings,1949.20,0.186,118.6,0.538,"1,516.40",4695.00,-,61000,-,-
975,Arcosa,1935.60,0.114,106.6,-0.059,"2,646.70",3135.70,-,6410,-,-
976,DexCom,1926.70,0.305,493.6,3.882,"4,290.50",34755.10,-,5950,-,-
977,Green Plains,1923.70,-0.37,-108.8,-,"1,578.90",1208.80,-204,839,-,-
978,Teledyne FLIR,1923.70,0.019,212.6,0.239,"3,252.30",7411.00,-,4179,-,-
979,E.W. Scripps,1915.10,0.345,269.3,-,"4,859.40",1585.50,-,5400,-,-
980,Dropbox,1913.90,0.152,-256.3,-,"2,387.20",11056.40,-,2760,-,-
981,Universal,1910.00,-0.142,71.7,-0.312,"2,120.90",1446.10,-46,24000,-,-
982,CoreCivic,1905.50,-0.038,54.2,-0.713,"3,709.30",1088.40,-,12415,-,-
983,Newmark Group,1905.00,-0.141,80.1,-0.318,"3,982.50",1834.60,-42,5742,-,-
984,Revlon,1904.30,-0.213,-619,-,"2,527.70",657.70,-99,6000,-,-
985,Covanta Holding,1904.00,0.018,-28,-3.8,"3,706",1829.30,-,4000,-,-
986,ChampionX,1900.00,0.68,-743.9,-15.261,"3,475.80",4368.10,-,6600,-,-
987,EchoStar,1887.90,-0.1,-40.2,-,"7,073.40",2230.70,-23,2400,-,-
988,Kennametal,1885.30,-0.206,-5.7,-1.023,"3,037.60",3338.80,-89,8989,-,-
989,Valhi,1878.10,-0.031,55.2,0.122,"2,889.30",579.90,-,2784,-,-
990,Guess,1876.50,-0.299,-81.2,-1.846,"2,465.90",1495.20,-147,11000,-,-
991,Harsco,1874.10,0.035,-26.3,-1.052,"2,993.30",1354.70,-,11900,-,-
992,Stepan,1869.80,0.006,126.8,0.229,"1,752.30",2858.90,-,2293,-,-
993,Clearwater Paper,1868.60,0.061,77.1,-,"1,800.40",624.70,-,3340,-,-
994,Live Nation Entertainment,1861.20,-0.839,"-1,724.50",-25.675,"10,589.30",18457.70,-719,8200,-,-
995,BioMarin Pharmaceutical,1860.50,0.092,859.1,-,"5,848",13730.00,-,3059,-,-
996,Surgery Partners,1860.10,0.016,-116.1,-,"5,413.20",2649.40,-,9950,-,-
997,Entegris,1859.30,0.169,295,0.157,"2,917.70",15120.70,-,5800,-,-
998,Sleep Number,1856.60,0.093,139.2,0.701,800.1,3560.30,-,4625,-,-
999,Spire,1855.40,-0.05,88.6,-0.52,"8,241.20",3817.50,-,3583,-,-
1000,Clear Channel Outdoor Holdings,1854.60,-0.309,-582.7,-,"5,755.30",842.10,-158,4800,-,-